# rtt trace, one row per completed round, in order
# clk_hz=200000000 entries=10000 full=0 saturated=0
cycles,ns
2306,11530
896,4480
919,4595
950,4750
948,4740
871,4355
883,4415
874,4370
976,4880
884,4420
921,4605
952,4760
908,4540
923,4615
903,4515
925,4625
892,4460
881,4405
1039,5195
959,4795
909,4545
871,4355
924,4620
890,4450
938,4690
934,4670
1022,5110
907,4535
933,4665
904,4520
877,4385
928,4640
956,4780
891,4455
1042,5210
887,4435
872,4360
870,4350
884,4420
1005,5025
933,4665
933,4665
879,4395
903,4515
889,4445
925,4625
885,4425
875,4375
936,4680
999,4995
935,4675
883,4415
927,4635
929,4645
931,4655
885,4425
933,4665
893,4465
901,4505
905,4525
928,4640
876,4380
928,4640
875,4375
933,4665
876,4380
884,4420
930,4650
924,4620
884,4420
876,4380
920,4600
930,4650
895,4475
953,4765
928,4640
880,4400
877,4385
921,4605
868,4340
883,4415
880,4400
975,4875
932,4660
883,4415
942,4710
927,4635
888,4440
936,4680
884,4420
936,4680
891,4455
875,4375
924,4620
890,4450
925,4625
955,4775
893,4465
893,4465
942,4710
889,4445
924,4620
869,4345
870,4350
933,4665
889,4445
879,4395
879,4395
879,4395
882,4410
877,4385
871,4355
934,4670
886,4430
894,4470
881,4405
926,4630
949,4745
927,4635
926,4630
894,4470
1018,5090
935,4675
938,4690
932,4660
1011,5055
928,4640
871,4355
938,4690
1043,5215
884,4420
881,4405
889,4445
873,4365
869,4345
880,4400
974,4870
934,4670
878,4390
935,4675
929,4645
870,4350
927,4635
879,4395
896,4480
1004,5020
936,4680
881,4405
872,4360
884,4420
875,4375
871,4355
893,4465
885,4425
939,4695
958,4790
930,4650
1003,5015
932,4660
878,4390
933,4665
934,4670
911,4555
934,4670
868,4340
925,4625
879,4395
923,4615
909,4545
900,4500
932,4660
934,4670
880,4400
895,4475
869,4345
882,4410
934,4670
881,4405
1023,5115
884,4420
955,4775
886,4430
883,4415
930,4650
883,4415
942,4710
891,4455
942,4710
885,4425
932,4660
931,4655
931,4655
894,4470
898,4490
879,4395
947,4735
923,4615
880,4400
951,4755
880,4400
878,4390
945,4725
877,4385
954,4770
870,4350
911,4555
880,4400
885,4425
935,4675
914,4570
1002,5010
883,4415
871,4355
962,4810
886,4430
882,4410
938,4690
1021,5105
938,4690
885,4425
899,4495
875,4375
929,4645
931,4655
932,4660
932,4660
930,4650
889,4445
882,4410
926,4630
924,4620
877,4385
887,4435
891,4455
886,4430
891,4455
925,4625
887,4435
894,4470
926,4630
934,4670
936,4680
936,4680
895,4475
893,4465
931,4655
927,4635
931,4655
884,4420
896,4480
882,4410
938,4690
928,4640
872,4360
882,4410
875,4375
874,4370
876,4380
930,4650
888,4440
869,4345
870,4350
983,4915
922,4610
877,4385
961,4805
884,4420
944,4720
880,4400
886,4430
882,4410
885,4425
879,4395
904,4520
932,4660
888,4440
880,4400
939,4695
963,4815
926,4630
896,4480
892,4460
935,4675
885,4425
931,4655
877,4385
934,4670
930,4650
933,4665
882,4410
932,4660
898,4490
899,4495
880,4400
879,4395
923,4615
888,4440
964,4820
880,4400
891,4455
893,4465
923,4615
870,4350
924,4620
882,4410
925,4625
937,4685
882,4410
883,4415
903,4515
932,4660
888,4440
938,4690
883,4415
975,4875
885,4425
930,4650
878,4390
885,4425
875,4375
889,4445
911,4555
883,4415
926,4630
877,4385
870,4350
949,4745
925,4625
882,4410
950,4750
933,4665
944,4720
925,4625
881,4405
868,4340
922,4610
883,4415
899,4495
890,4450
934,4670
937,4685
886,4430
927,4635
925,4625
936,4680
886,4430
1016,5080
935,4675
873,4365
883,4415
925,4625
877,4385
932,4660
931,4655
933,4665
900,4500
883,4415
921,4605
889,4445
873,4365
891,4455
947,4735
893,4465
887,4435
872,4360
1034,5170
924,4620
871,4355
934,4670
883,4415
894,4470
942,4710
872,4360
958,4790
954,4770
881,4405
936,4680
933,4665
881,4405
896,4480
927,4635
877,4385
873,4365
926,4630
911,4555
879,4395
883,4415
928,4640
879,4395
945,4725
922,4610
874,4370
880,4400
934,4670
921,4605
879,4395
925,4625
925,4625
869,4345
882,4410
937,4685
907,4535
894,4470
941,4705
872,4360
925,4625
953,4765
878,4390
939,4695
884,4420
939,4695
885,4425
952,4760
907,4535
948,4740
888,4440
946,4730
887,4435
881,4405
889,4445
924,4620
880,4400
905,4525
884,4420
935,4675
880,4400
933,4665
934,4670
925,4625
1099,5495
885,4425
873,4365
935,4675
890,4450
936,4680
937,4685
875,4375
928,4640
928,4640
1054,5270
939,4695
937,4685
894,4470
948,4740
875,4375
929,4645
888,4440
933,4665
889,4445
935,4675
935,4675
933,4665
870,4350
880,4400
916,4580
880,4400
891,4455
939,4695
909,4545
877,4385
925,4625
930,4650
871,4355
883,4415
905,4525
935,4675
950,4750
882,4410
931,4655
879,4395
939,4695
893,4465
886,4430
882,4410
895,4475
882,4410
886,4430
872,4360
892,4460
883,4415
878,4390
887,4435
896,4480
876,4380
871,4355
883,4415
983,4915
869,4345
906,4530
879,4395
883,4415
930,4650
880,4400
887,4435
884,4420
869,4345
936,4680
883,4415
908,4540
895,4475
928,4640
870,4350
872,4360
871,4355
936,4680
936,4680
940,4700
942,4710
955,4775
882,4410
926,4630
926,4630
928,4640
939,4695
886,4430
890,4450
922,4610
950,4750
866,4330
912,4560
932,4660
931,4655
891,4455
890,4450
920,4600
927,4635
1013,5065
925,4625
931,4655
881,4405
936,4680
883,4415
919,4595
923,4615
878,4390
899,4495
903,4515
895,4475
896,4480
885,4425
913,4565
1057,5285
928,4640
876,4380
888,4440
890,4450
878,4390
933,4665
923,4615
907,4535
882,4410
924,4620
931,4655
897,4485
1050,5250
881,4405
954,4770
880,4400
888,4440
871,4355
932,4660
936,4680
892,4460
883,4415
883,4415
903,4515
884,4420
927,4635
940,4700
935,4675
947,4735
896,4480
878,4390
930,4650
993,4965
878,4390
928,4640
1003,5015
956,4780
928,4640
931,4655
868,4340
920,4600
923,4615
929,4645
885,4425
883,4415
886,4430
877,4385
924,4620
920,4600
922,4610
938,4690
893,4465
894,4470
888,4440
929,4645
881,4405
898,4490
948,4740
893,4465
886,4430
1019,5095
934,4670
872,4360
872,4360
881,4405
881,4405
879,4395
999,4995
930,4650
933,4665
870,4350
923,4615
868,4340
924,4620
927,4635
934,4670
878,4390
880,4400
882,4410
901,4505
883,4415
923,4615
933,4665
948,4740
937,4685
932,4660
873,4365
926,4630
904,4520
924,4620
885,4425
893,4465
938,4690
938,4690
884,4420
887,4435
883,4415
871,4355
879,4395
874,4370
876,4380
886,4430
923,4615
870,4350
921,4605
869,4345
935,4675
1017,5085
949,4745
933,4665
872,4360
872,4360
880,4400
929,4645
937,4685
965,4825
946,4730
891,4455
872,4360
871,4355
995,4975
870,4350
893,4465
940,4700
897,4485
941,4705
878,4390
931,4655
906,4530
877,4385
888,4440
886,4430
881,4405
935,4675
869,4345
870,4350
928,4640
877,4385
946,4730
934,4670
888,4440
882,4410
882,4410
879,4395
954,4770
872,4360
942,4710
915,4575
893,4465
907,4535
927,4635
931,4655
888,4440
892,4460
882,4410
940,4700
883,4415
896,4480
940,4700
930,4650
893,4465
884,4420
891,4455
887,4435
933,4665
930,4650
871,4355
875,4375
924,4620
924,4620
880,4400
878,4390
877,4385
932,4660
872,4360
924,4620
869,4345
868,4340
944,4720
1001,5005
973,4865
935,4675
882,4410
874,4370
927,4635
871,4355
882,4410
965,4825
937,4685
882,4410
877,4385
875,4375
941,4705
872,4360
886,4430
887,4435
930,4650
875,4375
878,4390
867,4335
926,4630
869,4345
932,4660
937,4685
886,4430
887,4435
929,4645
893,4465
874,4370
884,4420
939,4695
939,4695
893,4465
899,4495
929,4645
880,4400
927,4635
879,4395
938,4690
886,4430
883,4415
893,4465
889,4445
908,4540
926,4630
876,4380
884,4420
929,4645
930,4650
876,4380
876,4380
897,4485
913,4565
919,4595
933,4665
997,4985
1015,5075
881,4405
882,4410
881,4405
920,4600
881,4405
940,4700
931,4655
934,4670
889,4445
871,4355
872,4360
896,4480
925,4625
893,4465
883,4415
897,4485
939,4695
928,4640
939,4695
885,4425
877,4385
905,4525
946,4730
946,4730
895,4475
878,4390
870,4350
932,4660
927,4635
888,4440
937,4685
894,4470
889,4445
923,4615
1040,5200
882,4410
884,4420
936,4680
882,4410
889,4445
893,4465
874,4370
874,4370
929,4645
875,4375
882,4410
885,4425
895,4475
886,4430
874,4370
876,4380
910,4550
889,4445
874,4370
958,4790
875,4375
896,4480
878,4390
878,4390
921,4605
867,4335
952,4760
927,4635
895,4475
928,4640
923,4615
879,4395
920,4600
876,4380
947,4735
881,4405
887,4435
936,4680
872,4360
878,4390
882,4410
925,4625
938,4690
897,4485
937,4685
935,4675
882,4410
875,4375
880,4400
883,4415
935,4675
885,4425
932,4660
886,4430
934,4670
879,4395
925,4625
872,4360
945,4725
886,4430
890,4450
933,4665
870,4350
869,4345
925,4625
924,4620
900,4500
957,4785
882,4410
883,4415
882,4410
925,4625
877,4385
886,4430
935,4675
972,4860
937,4685
884,4420
873,4365
924,4620
926,4630
931,4655
886,4430
877,4385
878,4390
885,4425
882,4410
926,4630
923,4615
901,4505
888,4440
911,4555
880,4400
935,4675
877,4385
935,4675
926,4630
931,4655
934,4670
935,4675
934,4670
890,4450
871,4355
924,4620
873,4365
870,4350
893,4465
938,4690
1011,5055
912,4560
878,4390
932,4660
877,4385
879,4395
880,4400
1008,5040
880,4400
880,4400
927,4635
939,4695
923,4615
871,4355
880,4400
996,4980
884,4420
883,4415
883,4415
894,4470
1009,5045
925,4625
936,4680
938,4690
881,4405
908,4540
927,4635
887,4435
885,4425
884,4420
882,4410
958,4790
940,4700
900,4500
885,4425
884,4420
876,4380
886,4430
878,4390
917,4585
877,4385
880,4400
889,4445
882,4410
924,4620
923,4615
896,4480
877,4385
896,4480
932,4660
928,4640
963,4815
924,4620
930,4650
896,4480
881,4405
891,4455
936,4680
888,4440
882,4410
928,4640
889,4445
897,4485
937,4685
938,4690
882,4410
872,4360
884,4420
929,4645
874,4370
932,4660
875,4375
932,4660
930,4650
876,4380
872,4360
868,4340
870,4350
886,4430
890,4450
897,4485
926,4630
872,4360
883,4415
870,4350
925,4625
958,4790
880,4400
896,4480
960,4800
943,4715
930,4650
926,4630
926,4630
937,4685
939,4695
894,4470
937,4685
872,4360
873,4365
872,4360
881,4405
907,4535
883,4415
996,4980
928,4640
876,4380
880,4400
869,4345
870,4350
885,4425
936,4680
935,4675
933,4665
882,4410
945,4725
878,4390
904,4520
952,4760
926,4630
881,4405
934,4670
869,4345
879,4395
1007,5035
874,4370
894,4470
971,4855
937,4685
941,4705
879,4395
878,4390
929,4645
932,4660
934,4670
933,4665
898,4490
891,4455
923,4615
884,4420
926,4630
870,4350
892,4460
933,4665
930,4650
935,4675
882,4410
874,4370
926,4630
924,4620
936,4680
937,4685
933,4665
934,4670
929,4645
889,4445
928,4640
886,4430
938,4690
934,4670
915,4575
885,4425
883,4415
888,4440
887,4435
878,4390
932,4660
876,4380
914,4570
951,4755
919,4595
920,4600
881,4405
876,4380
929,4645
898,4490
928,4640
895,4475
921,4605
885,4425
921,4605
920,4600
903,4515
938,4690
881,4405
882,4410
883,4415
873,4365
925,4625
873,4365
937,4685
939,4695
935,4675
894,4470
921,4605
884,4420
925,4625
875,4375
931,4655
890,4450
876,4380
899,4495
925,4625
911,4555
880,4400
927,4635
932,4660
878,4390
931,4655
877,4385
917,4585
872,4360
871,4355
926,4630
939,4695
937,4685
939,4695
890,4450
926,4630
873,4365
925,4625
926,4630
937,4685
881,4405
894,4470
937,4685
927,4635
964,4820
873,4365
873,4365
930,4650
874,4370
898,4490
898,4490
922,4610
922,4610
921,4605
868,4340
889,4445
899,4495
935,4675
894,4470
927,4635
925,4625
926,4630
878,4390
884,4420
880,4400
939,4695
890,4450
920,4600
881,4405
927,4635
870,4350
943,4715
881,4405
1018,5090
890,4450
935,4675
877,4385
885,4425
932,4660
894,4470
936,4680
936,4680
892,4460
908,4540
878,4390
871,4355
925,4625
878,4390
1040,5200
889,4445
934,4670
885,4425
932,4660
1001,5005
893,4465
899,4495
881,4405
921,4605
881,4405
932,4660
881,4405
929,4645
928,4640
895,4475
939,4695
937,4685
964,4820
932,4660
876,4380
1035,5175
935,4675
983,4915
915,4575
943,4715
880,4400
872,4360
925,4625
868,4340
924,4620
950,4750
917,4585
879,4395
933,4665
926,4630
928,4640
923,4615
948,4740
881,4405
936,4680
879,4395
896,4480
895,4475
879,4395
988,4940
910,4550
891,4455
938,4690
941,4705
938,4690
931,4655
873,4365
884,4420
938,4690
886,4430
877,4385
917,4585
943,4715
869,4345
871,4355
878,4390
928,4640
943,4715
881,4405
931,4655
961,4805
926,4630
927,4635
881,4405
926,4630
935,4675
893,4465
893,4465
881,4405
900,4500
872,4360
886,4430
927,4635
893,4465
921,4605
891,4455
896,4480
938,4690
1019,5095
956,4780
882,4410
896,4480
874,4370
887,4435
876,4380
921,4605
951,4755
878,4390
867,4335
879,4395
888,4440
931,4655
879,4395
879,4395
871,4355
870,4350
921,4605
896,4480
890,4450
880,4400
880,4400
879,4395
880,4400
870,4350
924,4620
885,4425
946,4730
888,4440
879,4395
911,4555
1011,5055
931,4655
876,4380
935,4675
930,4650
887,4435
933,4665
874,4370
869,4345
866,4330
878,4390
879,4395
890,4450
879,4395
932,4660
878,4390
871,4355
871,4355
924,4620
935,4675
892,4460
946,4730
1101,5505
875,4375
931,4655
928,4640
886,4430
936,4680
884,4420
936,4680
897,4485
942,4710
885,4425
902,4510
930,4650
914,4570
876,4380
892,4460
875,4375
874,4370
892,4460
919,4595
875,4375
876,4380
930,4650
928,4640
887,4435
867,4335
1007,5035
882,4410
867,4335
880,4400
939,4695
934,4670
890,4450
932,4660
924,4620
886,4430
873,4365
882,4410
897,4485
885,4425
884,4420
882,4410
875,4375
891,4455
885,4425
931,4655
878,4390
932,4660
933,4665
924,4620
934,4670
921,4605
923,4615
885,4425
889,4445
877,4385
879,4395
925,4625
928,4640
927,4635
885,4425
879,4395
1033,5165
891,4455
894,4470
882,4410
871,4355
885,4425
871,4355
936,4680
934,4670
894,4470
935,4675
872,4360
929,4645
927,4635
873,4365
932,4660
1031,5155
940,4700
875,4375
875,4375
908,4540
952,4760
883,4415
880,4400
894,4470
888,4440
894,4470
878,4390
1005,5025
904,4520
940,4700
937,4685
890,4450
1017,5085
938,4690
928,4640
929,4645
925,4625
882,4410
938,4690
888,4440
937,4685
892,4460
932,4660
879,4395
887,4435
931,4655
933,4665
934,4670
890,4450
879,4395
995,4975
883,4415
871,4355
867,4335
887,4435
970,4850
889,4445
879,4395
927,4635
948,4740
953,4765
936,4680
936,4680
940,4700
936,4680
937,4685
932,4660
931,4655
928,4640
881,4405
893,4465
891,4455
1036,5180
939,4695
876,4380
917,4585
932,4660
878,4390
933,4665
997,4985
876,4380
892,4460
869,4345
876,4380
869,4345
923,4615
934,4670
878,4390
895,4475
941,4705
881,4405
884,4420
956,4780
871,4355
937,4685
885,4425
882,4410
933,4665
932,4660
883,4415
876,4380
871,4355
939,4695
893,4465
882,4410
938,4690
930,4650
1009,5045
932,4660
928,4640
932,4660
877,4385
932,4660
930,4650
877,4385
872,4360
868,4340
867,4335
886,4430
877,4385
886,4430
899,4495
925,4625
931,4655
937,4685
879,4395
886,4430
895,4475
974,4870
936,4680
883,4415
871,4355
885,4425
927,4635
893,4465
940,4700
883,4415
939,4695
881,4405
1000,5000
871,4355
883,4415
928,4640
929,4645
931,4655
927,4635
946,4730
871,4355
921,4605
867,4335
956,4780
933,4665
933,4665
894,4470
926,4630
923,4615
934,4670
880,4400
891,4455
933,4665
891,4455
885,4425
878,4390
871,4355
905,4525
872,4360
931,4655
892,4460
886,4430
880,4400
885,4425
930,4650
928,4640
913,4565
936,4680
888,4440
886,4430
886,4430
922,4610
927,4635
895,4475
868,4340
889,4445
933,4665
934,4670
930,4650
947,4735
882,4410
876,4380
892,4460
934,4670
936,4680
882,4410
942,4710
883,4415
885,4425
874,4370
1003,5015
918,4590
953,4765
895,4475
898,4490
931,4655
879,4395
885,4425
876,4380
875,4375
969,4845
874,4370
886,4430
876,4380
867,4335
868,4340
870,4350
929,4645
928,4640
1001,5005
871,4355
868,4340
919,4595
913,4565
937,4685
933,4665
1048,5240
935,4675
925,4625
889,4445
884,4420
917,4585
873,4365
936,4680
962,4810
937,4685
883,4415
885,4425
892,4460
928,4640
927,4635
946,4730
960,4800
936,4680
934,4670
882,4410
1030,5150
880,4400
873,4365
877,4385
892,4460
1028,5140
932,4660
923,4615
940,4700
873,4365
920,4600
880,4400
894,4470
974,4870
936,4680
887,4435
885,4425
872,4360
875,4375
942,4710
937,4685
883,4415
883,4415
881,4405
872,4360
939,4695
925,4625
929,4645
884,4420
875,4375
884,4420
882,4410
1037,5185
875,4375
924,4620
933,4665
881,4405
889,4445
934,4670
871,4355
1030,5150
873,4365
870,4350
966,4830
883,4415
884,4420
880,4400
894,4470
923,4615
872,4360
926,4630
887,4435
884,4420
884,4420
940,4700
892,4460
932,4660
878,4390
886,4430
879,4395
935,4675
933,4665
884,4420
870,4350
870,4350
926,4630
883,4415
896,4480
898,4490
905,4525
888,4440
926,4630
881,4405
880,4400
873,4365
899,4495
895,4475
937,4685
934,4670
883,4415
875,4375
892,4460
892,4460
900,4500
884,4420
895,4475
892,4460
931,4655
879,4395
885,4425
915,4575
878,4390
932,4660
973,4865
875,4375
923,4615
871,4355
895,4475
869,4345
935,4675
933,4665
944,4720
962,4810
931,4655
881,4405
871,4355
927,4635
963,4815
930,4650
889,4445
896,4480
929,4645
883,4415
926,4630
926,4630
892,4460
938,4690
940,4700
894,4470
928,4640
882,4410
932,4660
877,4385
884,4420
932,4660
877,4385
881,4405
876,4380
955,4775
925,4625
869,4345
888,4440
910,4550
877,4385
950,4750
869,4345
871,4355
885,4425
868,4340
918,4590
950,4750
935,4675
880,4400
950,4750
927,4635
928,4640
928,4640
941,4705
894,4470
964,4820
931,4655
872,4360
872,4360
873,4365
885,4425
884,4420
943,4715
874,4370
930,4650
920,4600
877,4385
881,4405
931,4655
934,4670
891,4455
881,4405
935,4675
920,4600
869,4345
926,4630
881,4405
879,4395
932,4660
933,4665
884,4420
926,4630
1027,5135
869,4345
922,4610
894,4470
1022,5110
940,4700
895,4475
875,4375
876,4380
928,4640
930,4650
954,4770
889,4445
932,4660
934,4670
877,4385
880,4400
869,4345
935,4675
893,4465
887,4435
879,4395
932,4660
881,4405
946,4730
894,4470
875,4375
893,4465
938,4690
883,4415
880,4400
884,4420
886,4430
917,4585
930,4650
939,4695
941,4705
895,4475
939,4695
931,4655
886,4430
876,4380
936,4680
873,4365
874,4370
898,4490
918,4590
887,4435
869,4345
920,4600
879,4395
878,4390
989,4945
935,4675
882,4410
875,4375
868,4340
869,4345
920,4600
936,4680
881,4405
889,4445
881,4405
947,4735
885,4425
884,4420
925,4625
895,4475
935,4675
934,4670
934,4670
872,4360
876,4380
886,4430
884,4420
896,4480
887,4435
957,4785
942,4710
936,4680
869,4345
883,4415
891,4455
905,4525
961,4805
931,4655
879,4395
872,4360
923,4615
924,4620
1035,5175
881,4405
884,4420
932,4660
889,4445
871,4355
928,4640
945,4725
925,4625
912,4560
910,4550
939,4695
893,4465
926,4630
892,4460
930,4650
884,4420
940,4700
875,4375
876,4380
893,4465
923,4615
922,4610
868,4340
923,4615
890,4450
1049,5245
932,4660
934,4670
878,4390
923,4615
878,4390
868,4340
936,4680
972,4860
936,4680
880,4400
872,4360
888,4440
882,4410
882,4410
890,4450
1046,5230
894,4470
884,4420
888,4440
942,4710
925,4625
884,4420
939,4695
933,4665
887,4435
935,4675
927,4635
888,4440
886,4430
880,4400
879,4395
936,4680
935,4675
891,4455
930,4650
929,4645
926,4630
873,4365
897,4485
920,4600
937,4685
890,4450
880,4400
875,4375
929,4645
928,4640
896,4480
881,4405
938,4690
943,4715
934,4670
931,4655
930,4650
878,4390
944,4720
931,4655
885,4425
939,4695
869,4345
878,4390
881,4405
871,4355
937,4685
936,4680
879,4395
879,4395
886,4430
870,4350
871,4355
893,4465
879,4395
895,4475
951,4755
896,4480
883,4415
951,4755
934,4670
876,4380
937,4685
883,4415
1013,5065
902,4510
929,4645
960,4800
933,4665
949,4745
922,4610
887,4435
1022,5110
890,4450
891,4455
883,4415
935,4675
878,4390
897,4485
931,4655
960,4800
877,4385
886,4430
870,4350
880,4400
926,4630
883,4415
899,4495
934,4670
936,4680
893,4465
875,4375
881,4405
870,4350
938,4690
882,4410
975,4875
891,4455
892,4460
895,4475
877,4385
883,4415
875,4375
928,4640
874,4370
875,4375
876,4380
919,4595
923,4615
881,4405
887,4435
878,4390
933,4665
936,4680
872,4360
921,4605
921,4605
879,4395
919,4595
937,4685
886,4430
890,4450
872,4360
935,4675
876,4380
870,4350
882,4410
944,4720
935,4675
914,4570
939,4695
876,4380
932,4660
887,4435
932,4660
931,4655
1017,5085
933,4665
1028,5140
876,4380
924,4620
868,4340
889,4445
892,4460
958,4790
879,4395
925,4625
924,4620
881,4405
923,4615
936,4680
934,4670
882,4410
936,4680
939,4695
888,4440
941,4705
885,4425
937,4685
922,4610
999,4995
886,4430
877,4385
876,4380
876,4380
932,4660
929,4645
929,4645
877,4385
921,4605
876,4380
920,4600
921,4605
919,4595
929,4645
928,4640
899,4495
886,4430
868,4340
921,4605
870,4350
921,4605
892,4460
910,4550
934,4670
897,4485
880,4400
922,4610
926,4630
869,4345
952,4760
895,4475
939,4695
885,4425
927,4635
875,4375
926,4630
870,4350
933,4665
932,4660
885,4425
939,4695
923,4615
872,4360
873,4365
923,4615
891,4455
933,4665
956,4780
893,4465
925,4625
1005,5025
925,4625
871,4355
882,4410
919,4595
1046,5230
933,4665
925,4625
871,4355
925,4625
939,4695
938,4690
936,4680
938,4690
935,4675
883,4415
891,4455
929,4645
926,4630
929,4645
876,4380
932,4660
872,4360
878,4390
881,4405
871,4355
867,4335
934,4670
893,4465
905,4525
878,4390
871,4355
925,4625
924,4620
927,4635
937,4685
880,4400
936,4680
938,4690
883,4415
930,4650
926,4630
928,4640
900,4500
900,4500
938,4690
938,4690
930,4650
944,4720
892,4460
886,4430
938,4690
935,4675
966,4830
902,4510
922,4610
869,4345
870,4350
924,4620
922,4610
889,4445
890,4450
892,4460
927,4635
878,4390
885,4425
875,4375
936,4680
1004,5020
895,4475
896,4480
935,4675
876,4380
874,4370
887,4435
896,4480
949,4745
892,4460
946,4730
951,4755
944,4720
886,4430
932,4660
888,4440
877,4385
874,4370
898,4490
999,4995
925,4625
925,4625
867,4335
934,4670
933,4665
971,4855
876,4380
887,4435
924,4620
926,4630
924,4620
936,4680
882,4410
936,4680
892,4460
929,4645
872,4360
886,4430
873,4365
937,4685
895,4475
885,4425
885,4425
883,4415
885,4425
874,4370
926,4630
876,4380
949,4745
936,4680
902,4510
924,4620
876,4380
882,4410
880,4400
887,4435
933,4665
878,4390
939,4695
925,4625
882,4410
870,4350
924,4620
937,4685
896,4480
942,4710
880,4400
926,4630
1014,5070
873,4365
923,4615
937,4685
1034,5170
882,4410
896,4480
937,4685
930,4650
890,4450
872,4360
872,4360
930,4650
927,4635
938,4690
920,4600
879,4395
877,4385
923,4615
878,4390
931,4655
933,4665
930,4650
870,4350
934,4670
894,4470
877,4385
915,4575
933,4665
935,4675
890,4450
881,4405
923,4615
924,4620
868,4340
907,4535
1017,5085
882,4410
881,4405
940,4700
927,4635
928,4640
931,4655
932,4660
890,4450
934,4670
885,4425
885,4425
929,4645
888,4440
922,4610
930,4650
931,4655
887,4435
889,4445
925,4625
879,4395
884,4420
924,4620
936,4680
885,4425
883,4415
935,4675
899,4495
873,4365
930,4650
930,4650
892,4460
961,4805
916,4580
932,4660
927,4635
877,4385
885,4425
882,4410
876,4380
945,4725
876,4380
937,4685
924,4620
866,4330
868,4340
959,4795
929,4645
878,4390
930,4650
877,4385
922,4610
880,4400
890,4450
868,4340
934,4670
951,4755
934,4670
935,4675
885,4425
873,4365
874,4370
873,4365
944,4720
938,4690
962,4810
980,4900
928,4640
881,4405
889,4445
927,4635
941,4705
930,4650
913,4565
886,4430
870,4350
871,4355
922,4610
870,4350
932,4660
889,4445
887,4435
883,4415
872,4360
898,4490
923,4615
897,4485
890,4450
890,4450
891,4455
935,4675
924,4620
1010,5050
928,4640
883,4415
890,4450
890,4450
887,4435
894,4470
885,4425
926,4630
906,4530
882,4410
887,4435
897,4485
929,4645
886,4430
870,4350
923,4615
880,4400
890,4450
883,4415
934,4670
934,4670
887,4435
881,4405
881,4405
1012,5060
899,4495
905,4525
881,4405
879,4395
937,4685
872,4360
898,4490
873,4365
882,4410
908,4540
884,4420
883,4415
940,4700
877,4385
969,4845
892,4460
945,4725
893,4465
935,4675
880,4400
884,4420
868,4340
872,4360
897,4485
871,4355
879,4395
890,4450
939,4695
887,4435
888,4440
871,4355
883,4415
922,4610
935,4675
883,4415
1010,5050
948,4740
875,4375
885,4425
930,4650
875,4375
897,4485
949,4745
1047,5235
887,4435
931,4655
878,4390
1017,5085
884,4420
908,4540
879,4395
935,4675
919,4595
1014,5070
885,4425
870,4350
871,4355
877,4385
878,4390
885,4425
878,4390
926,4630
874,4370
924,4620
925,4625
890,4450
937,4685
937,4685
937,4685
898,4490
884,4420
935,4675
897,4485
937,4685
891,4455
884,4420
898,4490
891,4455
884,4420
883,4415
875,4375
931,4655
877,4385
959,4795
931,4655
868,4340
876,4380
870,4350
899,4495
920,4600
885,4425
878,4390
881,4405
923,4615
868,4340
927,4635
881,4405
913,4565
941,4705
902,4510
887,4435
932,4660
887,4435
928,4640
882,4410
881,4405
951,4755
939,4695
965,4825
885,4425
872,4360
881,4405
882,4410
888,4440
877,4385
934,4670
884,4420
877,4385
927,4635
870,4350
878,4390
889,4445
891,4455
935,4675
887,4435
923,4615
877,4385
872,4360
908,4540
895,4475
932,4660
980,4900
933,4665
924,4620
904,4520
869,4345
878,4390
936,4680
890,4450
957,4785
934,4670
884,4420
884,4420
929,4645
888,4440
932,4660
888,4440
894,4470
888,4440
935,4675
925,4625
921,4605
869,4345
879,4395
884,4420
931,4655
933,4665
873,4365
921,4605
915,4575
881,4405
912,4560
882,4410
968,4840
881,4405
879,4395
884,4420
929,4645
926,4630
884,4420
894,4470
894,4470
938,4690
954,4770
894,4470
908,4540
876,4380
884,4420
888,4440
885,4425
903,4515
878,4390
920,4600
921,4605
875,4375
954,4770
930,4650
929,4645
940,4700
920,4600
921,4605
918,4590
869,4345
906,4530
1037,5185
880,4400
935,4675
881,4405
947,4735
873,4365
872,4360
892,4460
890,4450
936,4680
938,4690
926,4630
873,4365
1029,5145
907,4535
886,4430
879,4395
934,4670
879,4395
890,4450
870,4350
873,4365
872,4360
877,4385
890,4450
997,4985
931,4655
934,4670
872,4360
923,4615
871,4355
883,4415
994,4970
887,4435
935,4675
925,4625
910,4550
880,4400
872,4360
882,4410
927,4635
937,4685
886,4430
897,4485
883,4415
883,4415
872,4360
883,4415
914,4570
888,4440
954,4770
876,4380
887,4435
891,4455
879,4395
934,4670
933,4665
951,4755
937,4685
923,4615
870,4350
892,4460
886,4430
882,4410
890,4450
936,4680
879,4395
927,4635
941,4705
926,4630
870,4350
937,4685
891,4455
938,4690
884,4420
876,4380
1016,5080
876,4380
933,4665
952,4760
892,4460
905,4525
888,4440
935,4675
882,4410
880,4400
891,4455
960,4800
888,4440
928,4640
920,4600
925,4625
879,4395
870,4350
927,4635
880,4400
966,4830
937,4685
937,4685
1020,5100
886,4430
927,4635
884,4420
935,4675
885,4425
885,4425
939,4695
876,4380
901,4505
931,4655
932,4660
896,4480
944,4720
949,4745
960,4800
925,4625
927,4635
926,4630
925,4625
876,4380
877,4385
933,4665
935,4675
927,4635
898,4490
870,4350
882,4410
940,4700
944,4720
936,4680
895,4475
881,4405
946,4730
888,4440
888,4440
892,4460
939,4695
882,4410
936,4680
919,4595
886,4430
894,4470
871,4355
931,4655
883,4415
889,4445
877,4385
922,4610
877,4385
869,4345
924,4620
887,4435
889,4445
892,4460
931,4655
880,4400
886,4430
965,4825
875,4375
935,4675
889,4445
1027,5135
955,4775
926,4630
924,4620
890,4450
886,4430
894,4470
1030,5150
883,4415
891,4455
876,4380
878,4390
889,4445
929,4645
874,4370
884,4420
929,4645
929,4645
889,4445
920,4600
920,4600
924,4620
934,4670
930,4650
889,4445
952,4760
900,4500
926,4630
870,4350
926,4630
880,4400
934,4670
878,4390
879,4395
923,4615
870,4350
925,4625
869,4345
933,4665
882,4410
884,4420
880,4400
950,4750
884,4420
891,4455
877,4385
933,4665
879,4395
902,4510
894,4470
868,4340
890,4450
869,4345
923,4615
932,4660
890,4450
880,4400
920,4600
925,4625
881,4405
880,4400
934,4670
935,4675
882,4410
934,4670
954,4770
884,4420
885,4425
890,4450
945,4725
936,4680
894,4470
898,4490
940,4700
932,4660
927,4635
875,4375
876,4380
927,4635
1001,5005
929,4645
940,4700
999,4995
868,4340
921,4605
919,4595
876,4380
932,4660
929,4645
890,4450
869,4345
920,4600
924,4620
867,4335
890,4450
888,4440
882,4410
892,4460
884,4420
875,4375
872,4360
873,4365
885,4425
897,4485
937,4685
897,4485
926,4630
873,4365
883,4415
881,4405
896,4480
890,4450
931,4655
945,4725
921,4605
924,4620
937,4685
923,4615
930,4650
892,4460
935,4675
931,4655
924,4620
885,4425
878,4390
944,4720
879,4395
890,4450
881,4405
883,4415
873,4365
873,4365
870,4350
883,4415
937,4685
933,4665
936,4680
893,4465
875,4375
886,4430
924,4620
927,4635
894,4470
970,4850
1035,5175
884,4420
869,4345
866,4330
1001,5005
915,4575
888,4440
936,4680
895,4475
879,4395
873,4365
868,4340
869,4345
928,4640
889,4445
949,4745
940,4700
904,4520
924,4620
930,4650
873,4365
880,4400
926,4630
892,4460
936,4680
937,4685
887,4435
910,4550
885,4425
877,4385
887,4435
936,4680
936,4680
935,4675
926,4630
933,4665
878,4390
924,4620
944,4720
879,4395
912,4560
881,4405
891,4455
872,4360
899,4495
880,4400
935,4675
888,4440
935,4675
935,4675
874,4370
957,4785
874,4370
931,4655
880,4400
892,4460
937,4685
883,4415
876,4380
931,4655
873,4365
893,4465
879,4395
931,4655
932,4660
949,4745
871,4355
923,4615
936,4680
927,4635
940,4700
936,4680
878,4390
878,4390
872,4360
928,4640
961,4805
894,4470
937,4685
880,4400
933,4665
893,4465
928,4640
897,4485
875,4375
872,4360
883,4415
883,4415
883,4415
898,4490
881,4405
963,4815
882,4410
906,4530
957,4785
883,4415
889,4445
881,4405
869,4345
957,4785
925,4625
925,4625
879,4395
885,4425
878,4390
941,4705
885,4425
926,4630
882,4410
880,4400
937,4685
936,4680
881,4405
936,4680
884,4420
873,4365
926,4630
909,4545
886,4430
898,4490
907,4535
891,4455
927,4635
873,4365
874,4370
883,4415
885,4425
1011,5055
878,4390
876,4380
869,4345
892,4460
870,4350
922,4610
931,4655
933,4665
930,4650
940,4700
880,4400
925,4625
923,4615
889,4445
949,4745
882,4410
888,4440
888,4440
883,4415
869,4345
924,4620
885,4425
935,4675
881,4405
882,4410
884,4420
876,4380
878,4390
929,4645
885,4425
878,4390
901,4505
880,4400
934,4670
870,4350
921,4605
869,4345
909,4545
898,4490
886,4430
925,4625
925,4625
924,4620
950,4750
883,4415
922,4610
892,4460
935,4675
936,4680
896,4480
928,4640
884,4420
939,4695
929,4645
882,4410
884,4420
941,4705
938,4690
900,4500
933,4665
949,4745
875,4375
916,4580
941,4705
876,4380
929,4645
949,4745
868,4340
868,4340
870,4350
929,4645
876,4380
932,4660
928,4640
906,4530
878,4390
923,4615
964,4820
888,4440
933,4665
934,4670
898,4490
885,4425
931,4655
873,4365
939,4695
883,4415
883,4415
1054,5270
906,4530
884,4420
884,4420
872,4360
927,4635
882,4410
889,4445
890,4450
878,4390
942,4710
871,4355
882,4410
875,4375
933,4665
933,4665
931,4655
888,4440
869,4345
925,4625
880,4400
924,4620
881,4405
935,4675
881,4405
897,4485
889,4445
926,4630
943,4715
925,4625
938,4690
949,4745
937,4685
895,4475
925,4625
881,4405
883,4415
884,4420
881,4405
881,4405
874,4370
889,4445
865,4325
925,4625
871,4355
869,4345
886,4430
879,4395
877,4385
887,4435
882,4410
879,4395
927,4635
891,4455
881,4405
881,4405
885,4425
914,4570
939,4695
930,4650
872,4360
870,4350
893,4465
938,4690
884,4420
924,4620
948,4740
893,4465
932,4660
888,4440
883,4415
933,4665
935,4675
935,4675
872,4360
894,4470
879,4395
936,4680
879,4395
894,4470
882,4410
936,4680
925,4625
872,4360
880,4400
871,4355
914,4570
879,4395
938,4690
935,4675
876,4380
875,4375
942,4710
878,4390
945,4725
891,4455
882,4410
886,4430
933,4665
932,4660
874,4370
876,4380
887,4435
952,4760
934,4670
935,4675
926,4630
880,4400
892,4460
923,4615
879,4395
879,4395
933,4665
919,4595
885,4425
921,4605
880,4400
914,4570
955,4775
900,4500
882,4410
934,4670
873,4365
872,4360
957,4785
928,4640
882,4410
901,4505
936,4680
896,4480
886,4430
883,4415
888,4440
883,4415
885,4425
945,4725
888,4440
893,4465
900,4500
898,4490
885,4425
879,4395
887,4435
878,4390
941,4705
931,4655
879,4395
871,4355
928,4640
881,4405
891,4455
888,4440
930,4650
882,4410
898,4490
873,4365
917,4585
927,4635
961,4805
915,4575
970,4850
939,4695
875,4375
883,4415
873,4365
927,4635
930,4650
928,4640
886,4430
933,4665
879,4395
994,4970
922,4610
926,4630
947,4735
931,4655
1012,5060
889,4445
873,4365
922,4610
883,4415
880,4400
931,4655
891,4455
965,4825
933,4665
932,4660
924,4620
1034,5170
878,4390
936,4680
894,4470
939,4695
919,4595
927,4635
894,4470
877,4385
929,4645
893,4465
900,4500
932,4660
931,4655
923,4615
868,4340
871,4355
935,4675
939,4695
888,4440
878,4390
937,4685
923,4615
881,4405
873,4365
922,4610
943,4715
892,4460
935,4675
890,4450
885,4425
928,4640
875,4375
943,4715
892,4460
885,4425
885,4425
937,4685
929,4645
878,4390
929,4645
934,4670
891,4455
1019,5095
875,4375
873,4365
868,4340
919,4595
919,4595
893,4465
876,4380
929,4645
885,4425
941,4705
867,4335
866,4330
879,4395
868,4340
885,4425
1017,5085
886,4430
895,4475
926,4630
897,4485
907,4535
871,4355
960,4800
896,4480
884,4420
899,4495
876,4380
930,4650
882,4410
873,4365
877,4385
933,4665
885,4425
879,4395
922,4610
900,4500
868,4340
880,4400
891,4455
931,4655
880,4400
880,4400
936,4680
872,4360
954,4770
873,4365
936,4680
935,4675
884,4420
883,4415
872,4360
925,4625
926,4630
873,4365
882,4410
946,4730
965,4825
939,4695
886,4430
874,4370
926,4630
925,4625
929,4645
890,4450
930,4650
944,4720
882,4410
922,4610
944,4720
867,4335
934,4670
949,4745
934,4670
881,4405
942,4710
927,4635
986,4930
885,4425
893,4465
904,4520
891,4455
940,4700
880,4400
928,4640
880,4400
872,4360
936,4680
943,4715
905,4525
898,4490
879,4395
933,4665
998,4990
932,4660
885,4425
895,4475
936,4680
952,4760
868,4340
870,4350
878,4390
871,4355
882,4410
890,4450
886,4430
935,4675
881,4405
926,4630
868,4340
871,4355
894,4470
880,4400
900,4500
879,4395
873,4365
938,4690
931,4655
886,4430
886,4430
891,4455
934,4670
941,4705
929,4645
930,4650
876,4380
931,4655
877,4385
933,4665
885,4425
887,4435
924,4620
871,4355
928,4640
899,4495
891,4455
886,4430
886,4430
885,4425
880,4400
914,4570
924,4620
878,4390
935,4675
937,4685
940,4700
881,4405
961,4805
962,4810
879,4395
884,4420
883,4415
896,4480
937,4685
884,4420
928,4640
929,4645
930,4650
871,4355
886,4430
1023,5115
889,4445
885,4425
886,4430
880,4400
1020,5100
888,4440
877,4385
932,4660
932,4660
933,4665
869,4345
924,4620
870,4350
930,4650
920,4600
938,4690
919,4595
890,4450
929,4645
1045,5225
874,4370
881,4405
890,4450
940,4700
938,4690
939,4695
930,4650
888,4440
883,4415
930,4650
881,4405
885,4425
929,4645
936,4680
875,4375
869,4345
921,4605
868,4340
933,4665
930,4650
900,4500
890,4450
923,4615
921,4605
924,4620
932,4660
935,4675
880,4400
934,4670
882,4410
873,4365
870,4350
923,4615
869,4345
935,4675
903,4515
935,4675
936,4680
876,4380
949,4745
874,4370
953,4765
887,4435
939,4695
964,4820
880,4400
877,4385
867,4335
923,4615
883,4415
889,4445
1004,5020
931,4655
887,4435
879,4395
871,4355
888,4440
882,4410
898,4490
894,4470
881,4405
888,4440
878,4390
878,4390
956,4780
876,4380
890,4450
897,4485
885,4425
883,4415
928,4640
946,4730
929,4645
877,4385
953,4765
966,4830
930,4650
889,4445
875,4375
921,4605
919,4595
877,4385
887,4435
930,4650
880,4400
875,4375
878,4390
993,4965
932,4660
869,4345
898,4490
880,4400
885,4425
891,4455
887,4435
880,4400
879,4395
881,4405
936,4680
884,4420
897,4485
890,4450
874,4370
876,4380
883,4415
873,4365
882,4410
968,4840
929,4645
930,4650
872,4360
934,4670
959,4795
873,4365
932,4660
960,4800
887,4435
890,4450
888,4440
879,4395
924,4620
923,4615
966,4830
880,4400
934,4670
900,4500
873,4365
873,4365
925,4625
925,4625
936,4680
884,4420
959,4795
885,4425
875,4375
928,4640
874,4370
877,4385
892,4460
919,4595
887,4435
903,4515
878,4390
877,4385
880,4400
874,4370
897,4485
936,4680
938,4690
932,4660
924,4620
925,4625
925,4625
871,4355
891,4455
894,4470
938,4690
939,4695
880,4400
928,4640
873,4365
872,4360
937,4685
900,4500
943,4715
939,4695
924,4620
890,4450
890,4450
885,4425
889,4445
890,4450
934,4670
882,4410
884,4420
871,4355
870,4350
1009,5045
890,4450
889,4445
935,4675
933,4665
882,4410
924,4620
927,4635
869,4345
882,4410
880,4400
901,4505
919,4595
875,4375
897,4485
936,4680
932,4660
922,4610
884,4420
889,4445
940,4700
901,4505
878,4390
875,4375
873,4365
937,4685
1000,5000
878,4390
888,4440
925,4625
879,4395
925,4625
868,4340
875,4375
973,4865
934,4670
933,4665
928,4640
868,4340
926,4630
924,4620
899,4495
881,4405
937,4685
934,4670
873,4365
930,4650
874,4370
926,4630
883,4415
917,4585
1023,5115
891,4455
888,4440
906,4530
875,4375
929,4645
931,4655
891,4455
876,4380
931,4655
883,4415
923,4615
871,4355
879,4395
890,4450
958,4790
943,4715
890,4450
873,4365
879,4395
941,4705
925,4625
938,4690
881,4405
945,4725
881,4405
871,4355
928,4640
872,4360
871,4355
890,4450
939,4695
948,4740
897,4485
875,4375
926,4630
898,4490
929,4645
876,4380
928,4640
876,4380
877,4385
878,4390
887,4435
869,4345
868,4340
961,4805
897,4485
1034,5170
892,4460
921,4605
869,4345
944,4720
878,4390
880,4400
895,4475
954,4770
886,4430
867,4335
883,4415
879,4395
935,4675
1042,5210
891,4455
945,4725
881,4405
916,4580
930,4650
929,4645
929,4645
933,4665
887,4435
881,4405
877,4385
885,4425
879,4395
894,4470
868,4340
932,4660
945,4725
933,4665
934,4670
882,4410
882,4410
924,4620
926,4630
881,4405
890,4450
937,4685
880,4400
874,4370
891,4455
905,4525
1007,5035
896,4480
883,4415
892,4460
936,4680
899,4495
931,4655
887,4435
886,4430
884,4420
877,4385
929,4645
885,4425
919,4595
919,4595
877,4385
921,4605
932,4660
887,4435
907,4535
928,4640
878,4390
922,4610
869,4345
926,4630
956,4780
906,4530
939,4695
882,4410
881,4405
881,4405
871,4355
928,4640
937,4685
883,4415
922,4610
936,4680
877,4385
929,4645
873,4365
925,4625
878,4390
896,4480
932,4660
931,4655
870,4350
925,4625
917,4585
926,4630
930,4650
887,4435
891,4455
887,4435
873,4365
870,4350
931,4655
872,4360
891,4455
936,4680
937,4685
892,4460
882,4410
884,4420
927,4635
882,4410
936,4680
887,4435
913,4565
967,4835
881,4405
928,4640
903,4515
932,4660
874,4370
890,4450
882,4410
879,4395
902,4510
883,4415
926,4630
924,4620
891,4455
933,4665
936,4680
942,4710
880,4400
879,4395
1017,5085
869,4345
934,4670
898,4490
974,4870
936,4680
926,4630
887,4435
872,4360
928,4640
908,4540
894,4470
1021,5105
938,4690
880,4400
944,4720
932,4660
921,4605
892,4460
888,4440
954,4770
890,4450
924,4620
878,4390
887,4435
923,4615
934,4670
880,4400
914,4570
922,4610
871,4355
1013,5065
875,4375
872,4360
897,4485
880,4400
881,4405
883,4415
883,4415
884,4420
961,4805
894,4470
883,4415
890,4450
898,4490
897,4485
874,4370
931,4655
930,4650
929,4645
935,4675
918,4590
931,4655
959,4795
925,4625
871,4355
873,4365
871,4355
884,4420
890,4450
921,4605
887,4435
878,4390
871,4355
882,4410
925,4625
934,4670
916,4580
895,4475
891,4455
890,4450
895,4475
926,4630
918,4590
939,4695
916,4580
945,4725
938,4690
874,4370
886,4430
882,4410
929,4645
890,4450
933,4665
876,4380
886,4430
869,4345
925,4625
880,4400
923,4615
887,4435
934,4670
884,4420
892,4460
869,4345
926,4630
870,4350
930,4650
885,4425
937,4685
882,4410
882,4410
870,4350
940,4700
931,4655
875,4375
963,4815
882,4410
939,4695
898,4490
874,4370
928,4640
874,4370
931,4655
929,4645
883,4415
929,4645
882,4410
922,4610
922,4610
876,4380
869,4345
932,4660
877,4385
1004,5020
881,4405
924,4620
922,4610
961,4805
880,4400
933,4665
882,4410
907,4535
935,4675
924,4620
871,4355
907,4535
879,4395
938,4690
881,4405
932,4660
881,4405
907,4535
1022,5110
1002,5010
930,4650
930,4650
931,4655
893,4465
889,4445
871,4355
923,4615
928,4640
963,4815
888,4440
878,4390
879,4395
933,4665
934,4670
880,4400
926,4630
922,4610
916,4580
880,4400
937,4685
923,4615
964,4820
954,4770
875,4375
876,4380
937,4685
895,4475
893,4465
936,4680
927,4635
935,4675
890,4450
929,4645
929,4645
930,4650
888,4440
877,4385
869,4345
919,4595
929,4645
932,4660
929,4645
930,4650
927,4635
875,4375
931,4655
869,4345
872,4360
869,4345
935,4675
892,4460
932,4660
892,4460
884,4420
927,4635
927,4635
884,4420
894,4470
891,4455
899,4495
942,4710
886,4430
874,4370
927,4635
924,4620
901,4505
930,4650
889,4445
929,4645
928,4640
923,4615
929,4645
871,4355
931,4655
879,4395
931,4655
925,4625
879,4395
884,4420
883,4415
882,4410
880,4400
920,4600
889,4445
934,4670
884,4420
927,4635
876,4380
894,4470
935,4675
936,4680
883,4415
908,4540
924,4620
999,4995
959,4795
926,4630
887,4435
931,4655
892,4460
883,4415
925,4625
922,4610
925,4625
925,4625
935,4675
899,4495
899,4495
940,4700
907,4535
910,4550
899,4495
926,4630
880,4400
946,4730
900,4500
938,4690
872,4360
1005,5025
995,4975
879,4395
882,4410
894,4470
938,4690
938,4690
885,4425
875,4375
934,4670
939,4695
937,4685
880,4400
935,4675
933,4665
880,4400
924,4620
879,4395
880,4400
933,4665
886,4430
936,4680
888,4440
922,4610
882,4410
873,4365
901,4505
936,4680
894,4470
903,4515
913,4565
927,4635
886,4430
889,4445
883,4415
937,4685
938,4690
883,4415
937,4685
912,4560
889,4445
997,4985
931,4655
931,4655
931,4655
877,4385
933,4665
926,4630
926,4630
885,4425
904,4520
891,4455
902,4510
934,4670
934,4670
870,4350
871,4355
885,4425
879,4395
944,4720
893,4465
893,4465
885,4425
883,4415
926,4630
929,4645
927,4635
881,4405
882,4410
942,4710
882,4410
930,4650
875,4375
882,4410
874,4370
878,4390
932,4660
878,4390
931,4655
924,4620
877,4385
922,4610
882,4410
880,4400
876,4380
917,4585
876,4380
891,4455
868,4340
945,4725
872,4360
888,4440
1025,5125
884,4420
938,4690
930,4650
872,4360
953,4765
871,4355
961,4805
893,4465
941,4705
895,4475
929,4645
874,4370
883,4415
927,4635
876,4380
927,4635
928,4640
883,4415
892,4460
926,4630
1006,5030
878,4390
931,4655
942,4710
933,4665
933,4665
925,4625
923,4615
871,4355
882,4410
932,4660
886,4430
895,4475
920,4600
920,4600
922,4610
874,4370
883,4415
938,4690
890,4450
935,4675
892,4460
903,4515
886,4430
932,4660
874,4370
890,4450
932,4660
889,4445
933,4665
888,4440
902,4510
931,4655
868,4340
892,4460
932,4660
899,4495
962,4810
870,4350
903,4515
922,4610
872,4360
937,4685
883,4415
890,4450
891,4455
893,4465
888,4440
886,4430
876,4380
913,4565
884,4420
939,4695
884,4420
881,4405
928,4640
932,4660
929,4645
929,4645
932,4660
1042,5210
928,4640
922,4610
919,4595
881,4405
887,4435
950,4750
889,4445
929,4645
929,4645
922,4610
889,4445
872,4360
922,4610
881,4405
883,4415
891,4455
934,4670
883,4415
953,4765
921,4605
889,4445
882,4410
938,4690
937,4685
890,4450
927,4635
994,4970
892,4460
937,4685
932,4660
880,4400
885,4425
932,4660
879,4395
925,4625
924,4620
871,4355
931,4655
942,4710
889,4445
886,4430
940,4700
878,4390
873,4365
925,4625
892,4460
936,4680
956,4780
891,4455
936,4680
918,4590
872,4360
874,4370
894,4470
944,4720
884,4420
944,4720
925,4625
928,4640
927,4635
891,4455
875,4375
873,4365
875,4375
886,4430
889,4445
878,4390
1041,5205
924,4620
933,4665
906,4530
968,4840
928,4640
870,4350
927,4635
927,4635
928,4640
935,4675
895,4475
897,4485
938,4690
935,4675
881,4405
1003,5015
927,4635
881,4405
899,4495
883,4415
887,4435
884,4420
1022,5110
901,4505
878,4390
935,4675
880,4400
902,4510
902,4510
1008,5040
925,4625
883,4415
889,4445
879,4395
895,4475
881,4405
912,4560
875,4375
927,4635
925,4625
872,4360
937,4685
938,4690
895,4475
963,4815
875,4375
894,4470
928,4640
910,4550
892,4460
936,4680
938,4690
938,4690
930,4650
874,4370
930,4650
931,4655
932,4660
893,4465
878,4390
891,4455
875,4375
874,4370
924,4620
883,4415
933,4665
953,4765
889,4445
879,4395
874,4370
920,4600
868,4340
871,4355
937,4685
897,4485
900,4500
881,4405
886,4430
893,4465
890,4450
872,4360
895,4475
946,4730
941,4705
885,4425
957,4785
885,4425
929,4645
930,4650
933,4665
966,4830
932,4660
877,4385
923,4615
956,4780
870,4350
925,4625
890,4450
883,4415
934,4670
959,4795
923,4615
924,4620
923,4615
882,4410
893,4465
941,4705
1039,5195
884,4420
927,4635
939,4695
927,4635
884,4420
890,4450
940,4700
891,4455
940,4700
930,4650
928,4640
880,4400
930,4650
907,4535
875,4375
888,4440
874,4370
880,4400
876,4380
867,4335
890,4450
930,4650
931,4655
921,4605
932,4660
921,4605
871,4355
872,4360
870,4350
933,4665
888,4440
959,4795
913,4565
882,4410
936,4680
969,4845
924,4620
883,4415
950,4750
894,4470
936,4680
928,4640
883,4415
928,4640
876,4380
934,4670
879,4395
933,4665
932,4660
870,4350
875,4375
878,4390
923,4615
881,4405
932,4660
959,4795
881,4405
870,4350
874,4370
1038,5190
926,4630
891,4455
911,4555
896,4480
935,4675
892,4460
955,4775
931,4655
876,4380
939,4695
936,4680
889,4445
936,4680
878,4390
930,4650
888,4440
937,4685
876,4380
939,4695
929,4645
885,4425
906,4530
870,4350
902,4510
870,4350
928,4640
882,4410
930,4650
938,4690
877,4385
868,4340
868,4340
868,4340
880,4400
936,4680
883,4415
935,4675
888,4440
883,4415
871,4355
926,4630
931,4655
935,4675
881,4405
944,4720
879,4395
942,4710
872,4360
885,4425
884,4420
882,4410
889,4445
931,4655
875,4375
882,4410
872,4360
880,4400
933,4665
878,4390
963,4815
880,4400
882,4410
929,4645
925,4625
880,4400
934,4670
884,4420
894,4470
917,4585
925,4625
872,4360
926,4630
880,4400
940,4700
937,4685
934,4670
895,4475
873,4365
872,4360
925,4625
873,4365
883,4415
894,4470
927,4635
933,4665
881,4405
927,4635
926,4630
923,4615
881,4405
934,4670
888,4440
887,4435
881,4405
873,4365
927,4635
927,4635
939,4695
884,4420
880,4400
891,4455
872,4360
870,4350
897,4485
940,4700
892,4460
938,4690
894,4470
891,4455
888,4440
931,4655
1037,5185
879,4395
899,4495
912,4560
1008,5040
882,4410
909,4545
870,4350
879,4395
882,4410
943,4715
898,4490
891,4455
880,4400
876,4380
926,4630
872,4360
882,4410
934,4670
881,4405
882,4410
935,4675
930,4650
931,4655
876,4380
873,4365
883,4415
883,4415
937,4685
883,4415
885,4425
932,4660
876,4380
885,4425
876,4380
887,4435
897,4485
878,4390
879,4395
921,4605
879,4395
870,4350
912,4560
932,4660
888,4440
935,4675
921,4605
883,4415
871,4355
926,4630
936,4680
883,4415
971,4855
937,4685
873,4365
872,4360
905,4525
894,4470
938,4690
939,4695
939,4695
895,4475
932,4660
885,4425
902,4510
875,4375
875,4375
930,4650
927,4635
874,4370
924,4620
880,4400
1001,5005
888,4440
886,4430
953,4765
946,4730
888,4440
869,4345
889,4445
886,4430
882,4410
937,4685
937,4685
890,4450
882,4410
881,4405
1001,5005
871,4355
883,4415
946,4730
945,4725
939,4695
890,4450
926,4630
929,4645
883,4415
928,4640
927,4635
882,4410
877,4385
927,4635
923,4615
919,4595
879,4395
879,4395
932,4660
889,4445
933,4665
921,4605
931,4655
923,4615
871,4355
939,4695
939,4695
879,4395
880,4400
908,4540
873,4365
871,4355
871,4355
870,4350
938,4690
936,4680
935,4675
883,4415
885,4425
881,4405
929,4645
888,4440
887,4435
911,4555
881,4405
889,4445
899,4495
879,4395
924,4620
868,4340
934,4670
1039,5195
881,4405
879,4395
883,4415
871,4355
890,4450
924,4620
936,4680
917,4585
894,4470
885,4425
991,4955
875,4375
931,4655
887,4435
939,4695
937,4685
939,4695
941,4705
929,4645
929,4645
876,4380
928,4640
876,4380
876,4380
892,4460
928,4640
930,4650
895,4475
872,4360
867,4335
955,4775
876,4380
876,4380
930,4650
876,4380
869,4345
931,4655
935,4675
882,4410
934,4670
934,4670
935,4675
885,4425
875,4375
927,4635
880,4400
883,4415
936,4680
895,4475
935,4675
874,4370
1040,5200
874,4370
883,4415
931,4655
882,4410
877,4385
933,4665
923,4615
921,4605
875,4375
873,4365
933,4665
944,4720
903,4515
885,4425
885,4425
924,4620
882,4410
882,4410
935,4675
881,4405
934,4670
890,4450
909,4545
880,4400
1029,5145
927,4635
884,4420
924,4620
892,4460
937,4685
874,4370
882,4410
872,4360
928,4640
880,4400
932,4660
932,4660
931,4655
877,4385
904,4520
924,4620
878,4390
888,4440
915,4575
895,4475
944,4720
934,4670
878,4390
873,4365
926,4630
880,4400
880,4400
894,4470
879,4395
929,4645
880,4400
910,4550
926,4630
881,4405
937,4685
898,4490
938,4690
887,4435
876,4380
890,4450
877,4385
894,4470
893,4465
936,4680
877,4385
875,4375
870,4350
878,4390
869,4345
925,4625
1013,5065
970,4850
954,4770
871,4355
872,4360
933,4665
872,4360
919,4595
919,4595
884,4420
881,4405
906,4530
895,4475
931,4655
934,4670
955,4775
883,4415
883,4415
885,4425
876,4380
876,4380
890,4450
886,4430
882,4410
879,4395
946,4730
935,4675
882,4410
924,4620
870,4350
869,4345
930,4650
933,4665
890,4450
890,4450
879,4395
871,4355
869,4345
878,4390
882,4410
883,4415
891,4455
937,4685
947,4735
890,4450
885,4425
874,4370
951,4755
892,4460
888,4440
894,4470
881,4405
964,4820
938,4690
928,4640
876,4380
886,4430
932,4660
884,4420
924,4620
879,4395
882,4410
943,4715
892,4460
931,4655
891,4455
876,4380
870,4350
923,4615
923,4615
899,4495
891,4455
965,4825
937,4685
889,4445
873,4365
883,4415
882,4410
885,4425
883,4415
883,4415
971,4855
937,4685
929,4645
883,4415
885,4425
873,4365
929,4645
884,4420
927,4635
873,4365
873,4365
868,4340
890,4450
920,4600
935,4675
893,4465
883,4415
894,4470
922,4610
873,4365
868,4340
870,4350
890,4450
911,4555
888,4440
892,4460
923,4615
924,4620
882,4410
890,4450
937,4685
935,4675
883,4415
882,4410
942,4710
879,4395
877,4385
879,4395
931,4655
877,4385
936,4680
880,4400
868,4340
880,4400
878,4390
880,4400
967,4835
931,4655
933,4665
880,4400
925,4625
926,4630
887,4435
886,4430
884,4420
973,4865
889,4445
935,4675
875,4375
882,4410
928,4640
921,4605
884,4420
938,4690
895,4475
937,4685
889,4445
927,4635
931,4655
875,4375
884,4420
935,4675
879,4395
949,4745
878,4390
913,4565
922,4610
920,4600
941,4705
946,4730
929,4645
875,4375
877,4385
877,4385
866,4330
869,4345
913,4565
880,4400
890,4450
890,4450
872,4360
926,4630
883,4415
883,4415
883,4415
882,4410
933,4665
887,4435
875,4375
956,4780
906,4530
928,4640
878,4390
935,4675
886,4430
902,4510
870,4350
880,4400
918,4590
878,4390
956,4780
891,4455
957,4785
880,4400
912,4560
870,4350
924,4620
923,4615
933,4665
893,4465
881,4405
936,4680
923,4615
925,4625
908,4540
932,4660
896,4480
888,4440
1003,5015
915,4575
872,4360
982,4910
870,4350
882,4410
929,4645
1048,5240
875,4375
874,4370
949,4745
909,4545
869,4345
884,4420
879,4395
1042,5210
888,4440
929,4645
923,4615
881,4405
881,4405
872,4360
892,4460
998,4990
937,4685
936,4680
927,4635
870,4350
884,4420
871,4355
892,4460
1043,5215
938,4690
885,4425
886,4430
1016,5080
931,4655
887,4435
933,4665
938,4690
936,4680
938,4690
869,4345
895,4475
881,4405
881,4405
945,4725
932,4660
1050,5250
935,4675
870,4350
881,4405
925,4625
881,4405
898,4490
892,4460
881,4405
900,4500
876,4380
876,4380
905,4525
885,4425
891,4455
974,4870
883,4415
884,4420
930,4650
903,4515
964,4820
884,4420
963,4815
931,4655
933,4665
941,4705
876,4380
881,4405
906,4530
929,4645
881,4405
1041,5205
889,4445
906,4530
926,4630
901,4505
870,4350
871,4355
891,4455
936,4680
890,4450
895,4475
928,4640
873,4365
950,4750
871,4355
908,4540
882,4410
884,4420
883,4415
941,4705
874,4370
928,4640
878,4390
939,4695
933,4665
932,4660
932,4660
878,4390
909,4545
869,4345
882,4410
890,4450
896,4480
931,4655
915,4575
882,4410
894,4470
879,4395
927,4635
881,4405
891,4455
883,4415
936,4680
927,4635
873,4365
886,4430
877,4385
882,4410
938,4690
938,4690
892,4460
872,4360
882,4410
874,4370
956,4780
934,4670
929,4645
878,4390
875,4375
920,4600
879,4395
957,4785
922,4610
931,4655
1048,5240
893,4465
877,4385
871,4355
903,4515
872,4360
870,4350
882,4410
1015,5075
881,4405
890,4450
873,4365
923,4615
921,4605
927,4635
893,4465
884,4420
934,4670
907,4535
928,4640
885,4425
877,4385
883,4415
942,4710
902,4510
932,4660
934,4670
951,4755
950,4750
955,4775
879,4395
933,4665
933,4665
933,4665
934,4670
880,4400
869,4345
882,4410
881,4405
883,4415
887,4435
928,4640
882,4410
929,4645
884,4420
929,4645
902,4510
937,4685
894,4470
944,4720
893,4465
888,4440
934,4670
1012,5060
885,4425
932,4660
937,4685
873,4365
887,4435
923,4615
877,4385
878,4390
879,4395
932,4660
875,4375
926,4630
882,4410
929,4645
923,4615
870,4350
951,4755
934,4670
889,4445
881,4405
889,4445
926,4630
927,4635
1044,5220
924,4620
894,4470
886,4430
940,4700
936,4680
874,4370
924,4620
885,4425
886,4430
943,4715
904,4520
942,4710
885,4425
879,4395
880,4400
889,4445
910,4550
879,4395
937,4685
875,4375
934,4670
881,4405
923,4615
881,4405
925,4625
890,4450
957,4785
891,4455
937,4685
928,4640
883,4415
872,4360
924,4620
956,4780
925,4625
885,4425
934,4670
874,4370
926,4630
925,4625
927,4635
931,4655
874,4370
885,4425
934,4670
887,4435
1067,5335
923,4615
923,4615
934,4670
879,4395
877,4385
945,4725
927,4635
880,4400
902,4510
871,4355
937,4685
897,4485
883,4415
890,4450
871,4355
869,4345
871,4355
898,4490
937,4685
881,4405
966,4830
903,4515
891,4455
931,4655
933,4665
912,4560
891,4455
880,4400
939,4695
936,4680
904,4520
925,4625
880,4400
938,4690
881,4405
937,4685
934,4670
908,4540
872,4360
881,4405
881,4405
944,4720
882,4410
881,4405
880,4400
937,4685
889,4445
930,4650
875,4375
883,4415
940,4700
938,4690
938,4690
919,4595
890,4450
877,4385
876,4380
936,4680
935,4675
879,4395
876,4380
881,4405
888,4440
924,4620
924,4620
924,4620
931,4655
887,4435
934,4670
878,4390
874,4370
877,4385
935,4675
938,4690
889,4445
940,4700
936,4680
898,4490
929,4645
933,4665
886,4430
928,4640
938,4690
896,4480
939,4695
901,4505
888,4440
928,4640
928,4640
928,4640
931,4655
877,4385
876,4380
940,4700
883,4415
884,4420
924,4620
927,4635
963,4815
888,4440
892,4460
885,4425
872,4360
869,4345
924,4620
870,4350
881,4405
939,4695
879,4395
936,4680
882,4410
925,4625
872,4360
903,4515
937,4685
903,4515
886,4430
962,4810
874,4370
928,4640
884,4420
874,4370
926,4630
936,4680
888,4440
927,4635
866,4330
867,4335
921,4605
921,4605
887,4435
903,4515
929,4645
878,4390
949,4745
868,4340
870,4350
869,4345
907,4535
932,4660
1009,5045
935,4675
922,4610
931,4655
927,4635
873,4365
881,4405
882,4410
884,4420
937,4685
932,4660
926,4630
937,4685
930,4650
933,4665
945,4725
881,4405
940,4700
881,4405
922,4610
923,4615
921,4605
881,4405
932,4660
888,4440
933,4665
879,4395
925,4625
925,4625
922,4610
882,4410
900,4500
881,4405
934,4670
886,4430
883,4415
927,4635
929,4645
885,4425
891,4455
883,4415
949,4745
887,4435
941,4705
884,4420
928,4640
876,4380
895,4475
928,4640
981,4905
878,4390
868,4340
950,4750
878,4390
930,4650
876,4380
929,4645
886,4430
920,4600
921,4605
998,4990
873,4365
932,4660
882,4410
893,4465
938,4690
882,4410
923,4615
876,4380
873,4365
886,4430
895,4475
883,4415
936,4680
926,4630
874,4370
884,4420
878,4390
886,4430
879,4395
931,4655
893,4465
870,4350
878,4390
879,4395
932,4660
930,4650
931,4655
1008,5040
891,4455
925,4625
926,4630
925,4625
882,4410
933,4665
882,4410
933,4665
925,4625
873,4365
925,4625
871,4355
871,4355
883,4415
958,4790
886,4430
951,4755
920,4600
882,4410
889,4445
926,4630
886,4430
883,4415
883,4415
939,4695
882,4410
947,4735
922,4610
868,4340
960,4800
937,4685
891,4455
880,4400
880,4400
924,4620
869,4345
924,4620
889,4445
907,4535
880,4400
948,4740
893,4465
896,4480
875,4375
873,4365
882,4410
1013,5065
891,4455
946,4730
879,4395
952,4760
897,4485
878,4390
890,4450
933,4665
887,4435
956,4780
870,4350
870,4350
872,4360
879,4395
936,4680
939,4695
935,4675
935,4675
926,4630
928,4640
880,4400
881,4405
880,4400
936,4680
886,4430
955,4775
880,4400
883,4415
890,4450
931,4655
882,4410
947,4735
885,4425
952,4760
889,4445
885,4425
929,4645
958,4790
931,4655
934,4670
935,4675
932,4660
883,4415
924,4620
925,4625
883,4415
958,4790
877,4385
900,4500
886,4430
872,4360
868,4340
943,4715
872,4360
884,4420
893,4465
882,4410
936,4680
928,4640
1003,5015
927,4635
872,4360
938,4690
925,4625
882,4410
884,4420
928,4640
904,4520
927,4635
949,4745
907,4535
881,4405
962,4810
931,4655
885,4425
904,4520
870,4350
884,4420
884,4420
882,4410
932,4660
876,4380
926,4630
886,4430
1009,5045
925,4625
931,4655
1023,5115
882,4410
933,4665
874,4370
872,4360
926,4630
885,4425
892,4460
938,4690
940,4700
892,4460
899,4495
930,4650
873,4365
873,4365
879,4395
888,4440
893,4465
955,4775
875,4375
931,4655
881,4405
869,4345
933,4665
929,4645
890,4450
892,4460
923,4615
924,4620
922,4610
921,4605
935,4675
886,4430
884,4420
935,4675
870,4350
869,4345
898,4490
922,4610
911,4555
936,4680
890,4450
894,4470
931,4655
898,4490
963,4815
878,4390
881,4405
890,4450
931,4655
933,4665
929,4645
924,4620
881,4405
877,4385
889,4445
932,4660
889,4445
934,4670
880,4400
924,4620
888,4440
882,4410
891,4455
934,4670
882,4410
884,4420
875,4375
874,4370
927,4635
900,4500
939,4695
886,4430
1000,5000
889,4445
928,4640
947,4735
931,4655
903,4515
930,4650
882,4410
928,4640
928,4640
866,4330
921,4605
945,4725
923,4615
877,4385
931,4655
903,4515
929,4645
868,4340
874,4370
868,4340
923,4615
938,4690
934,4670
942,4710
889,4445
887,4435
871,4355
927,4635
928,4640
937,4685
884,4420
916,4580
904,4520
877,4385
893,4465
937,4685
878,4390
879,4395
912,4560
886,4430
887,4435
870,4350
882,4410
870,4350
874,4370
932,4660
880,4400
1007,5035
949,4745
882,4410
928,4640
963,4815
878,4390
935,4675
934,4670
1014,5070
964,4820
925,4625
872,4360
875,4375
872,4360
944,4720
1021,5105
943,4715
903,4515
928,4640
874,4370
925,4625
929,4645
876,4380
882,4410
897,4485
933,4665
866,4330
923,4615
929,4645
866,4330
887,4435
937,4685
971,4855
878,4390
911,4555
895,4475
872,4360
868,4340
937,4685
896,4480
881,4405
937,4685
882,4410
927,4635
873,4365
874,4370
894,4470
932,4660
937,4685
951,4755
931,4655
887,4435
1046,5230
933,4665
895,4475
964,4820
935,4675
878,4390
878,4390
927,4635
873,4365
877,4385
878,4390
888,4440
933,4665
890,4450
873,4365
929,4645
884,4420
929,4645
882,4410
936,4680
936,4680
883,4415
920,4600
930,4650
875,4375
882,4410
893,4465
1002,5010
940,4700
937,4685
886,4430
874,4370
996,4980
882,4410
878,4390
931,4655
887,4435
934,4670
869,4345
925,4625
879,4395
890,4450
883,4415
933,4665
932,4660
887,4435
925,4625
927,4635
881,4405
873,4365
880,4400
936,4680
938,4690
963,4815
884,4420
929,4645
945,4725
874,4370
883,4415
972,4860
885,4425
884,4420
876,4380
938,4690
995,4975
911,4555
876,4380
932,4660
888,4440
892,4460
868,4340
868,4340
887,4435
884,4420
930,4650
877,4385
887,4435
934,4670
870,4350
927,4635
870,4350
882,4410
895,4475
896,4480
900,4500
936,4680
871,4355
928,4640
905,4525
927,4635
938,4690
938,4690
1049,5245
883,4415
875,4375
960,4800
871,4355
873,4365
888,4440
886,4430
885,4425
872,4360
919,4595
879,4395
866,4330
879,4395
932,4660
888,4440
934,4670
945,4725
927,4635
869,4345
923,4615
922,4610
934,4670
934,4670
882,4410
889,4445
873,4365
879,4395
925,4625
870,4350
941,4705
936,4680
895,4475
894,4470
930,4650
880,4400
932,4660
889,4445
935,4675
886,4430
932,4660
881,4405
880,4400
919,4595
944,4720
920,4600
889,4445
878,4390
904,4520
934,4670
927,4635
872,4360
1062,5310
871,4355
894,4470
882,4410
921,4605
892,4460
891,4455
929,4645
930,4650
886,4430
938,4690
903,4515
935,4675
915,4575
883,4415
885,4425
900,4500
928,4640
927,4635
928,4640
883,4415
885,4425
919,4595
871,4355
867,4335
876,4380
896,4480
931,4655
1010,5050
930,4650
925,4625
872,4360
877,4385
885,4425
891,4455
882,4410
882,4410
947,4735
881,4405
874,4370
872,4360
925,4625
884,4420
893,4465
885,4425
885,4425
884,4420
930,4650
928,4640
927,4635
954,4770
931,4655
930,4650
931,4655
881,4405
879,4395
924,4620
921,4605
930,4650
888,4440
879,4395
887,4435
945,4725
943,4715
897,4485
922,4610
882,4410
934,4670
933,4665
935,4675
897,4485
883,4415
1002,5010
901,4505
955,4775
886,4430
895,4475
883,4415
928,4640
875,4375
963,4815
884,4420
875,4375
928,4640
933,4665
885,4425
867,4335
869,4345
922,4610
870,4350
939,4695
935,4675
881,4405
934,4670
906,4530
926,4630
880,4400
924,4620
941,4705
892,4460
1002,5010
935,4675
895,4475
879,4395
1044,5220
927,4635
887,4435
939,4695
939,4695
894,4470
935,4675
925,4625
913,4565
877,4385
933,4665
881,4405
934,4670
934,4670
940,4700
871,4355
878,4390
872,4360
879,4395
887,4435
963,4815
888,4440
873,4365
881,4405
927,4635
872,4360
887,4435
893,4465
883,4415
890,4450
931,4655
872,4360
876,4380
875,4375
902,4510
938,4690
885,4425
884,4420
885,4425
880,4400
1010,5050
883,4415
933,4665
935,4675
878,4390
901,4505
883,4415
929,4645
869,4345
898,4490
878,4390
888,4440
930,4650
933,4665
927,4635
871,4355
958,4790
882,4410
882,4410
881,4405
917,4585
893,4465
874,4370
882,4410
928,4640
885,4425
938,4690
937,4685
891,4455
882,4410
888,4440
931,4655
872,4360
928,4640
931,4655
930,4650
920,4600
893,4465
925,4625
870,4350
886,4430
873,4365
887,4435
890,4450
931,4655
877,4385
871,4355
881,4405
924,4620
914,4570
935,4675
902,4510
893,4465
882,4410
872,4360
926,4630
1034,5170
935,4675
937,4685
937,4685
886,4430
938,4690
941,4705
945,4725
1013,5065
885,4425
890,4450
874,4370
874,4370
881,4405
879,4395
883,4415
868,4340
938,4690
878,4390
935,4675
931,4655
890,4450
878,4390
872,4360
884,4420
927,4635
922,4610
887,4435
880,4400
943,4715
885,4425
883,4415
871,4355
878,4390
935,4675
908,4540
880,4400
882,4410
944,4720
929,4645
907,4535
896,4480
880,4400
968,4840
924,4620
934,4670
1021,5105
929,4645
889,4445
923,4615
931,4655
935,4675
890,4450
935,4675
881,4405
923,4615
925,4625
874,4370
935,4675
935,4675
937,4685
933,4665
932,4660
875,4375
928,4640
945,4725
887,4435
953,4765
957,4785
901,4505
939,4695
879,4395
876,4380
890,4450
931,4655
901,4505
885,4425
911,4555
963,4815
913,4565
926,4630
880,4400
930,4650
941,4705
960,4800
929,4645
922,4610
921,4605
869,4345
868,4340
935,4675
1038,5190
934,4670
943,4715
925,4625
872,4360
888,4440
926,4630
884,4420
936,4680
938,4690
945,4725
930,4650
884,4420
928,4640
875,4375
878,4390
1000,5000
903,4515
876,4380
926,4630
896,4480
922,4610
880,4400
924,4620
879,4395
930,4650
932,4660
883,4415
872,4360
965,4825
883,4415
882,4410
936,4680
880,4400
891,4455
872,4360
924,4620
925,4625
872,4360
894,4470
923,4615
934,4670
884,4420
926,4630
914,4570
890,4450
874,4370
944,4720
875,4375
1016,5080
874,4370
867,4335
905,4525
922,4610
868,4340
880,4400
936,4680
935,4675
881,4405
891,4455
935,4675
925,4625
878,4390
886,4430
882,4410
889,4445
893,4465
932,4660
873,4365
927,4635
885,4425
942,4710
937,4685
894,4470
896,4480
933,4665
885,4425
905,4525
909,4545
917,4585
879,4395
934,4670
898,4490
924,4620
885,4425
930,4650
924,4620
880,4400
920,4600
933,4665
880,4400
877,4385
927,4635
888,4440
882,4410
936,4680
935,4675
938,4690
900,4500
883,4415
930,4650
930,4650
885,4425
896,4480
932,4660
938,4690
891,4455
954,4770
886,4430
884,4420
892,4460
887,4435
891,4455
893,4465
960,4800
888,4440
878,4390
868,4340
884,4420
933,4665
931,4655
932,4660
891,4455
927,4635
877,4385
869,4345
949,4745
934,4670
937,4685
878,4390
889,4445
930,4650
873,4365
889,4445
928,4640
937,4685
939,4695
937,4685
892,4460
929,4645
874,4370
994,4970
874,4370
932,4660
1007,5035
887,4435
934,4670
869,4345
877,4385
923,4615
922,4610
876,4380
885,4425
935,4675
935,4675
880,4400
923,4615
929,4645
897,4485
896,4480
951,4755
945,4725
937,4685
871,4355
883,4415
907,4535
875,4375
941,4705
900,4500
940,4700
897,4485
874,4370
927,4635
1001,5005
911,4555
932,4660
930,4650
883,4415
937,4685
920,4600
872,4360
922,4610
867,4335
889,4445
907,4535
932,4660
931,4655
926,4630
904,4520
922,4610
921,4605
880,4400
890,4450
939,4695
882,4410
884,4420
923,4615
958,4790
924,4620
881,4405
912,4560
925,4625
936,4680
874,4370
876,4380
945,4725
949,4745
927,4635
879,4395
941,4705
934,4670
922,4610
869,4345
923,4615
1031,5155
930,4650
933,4665
931,4655
887,4435
881,4405
989,4945
948,4740
882,4410
893,4465
893,4465
892,4460
935,4675
885,4425
927,4635
931,4655
877,4385
940,4700
936,4680
938,4690
892,4460
930,4650
886,4430
933,4665
931,4655
930,4650
888,4440
1000,5000
888,4440
868,4340
921,4605
921,4605
960,4800
887,4435
929,4645
927,4635
929,4645
920,4600
878,4390
923,4615
891,4455
949,4745
977,4885
880,4400
934,4670
883,4415
926,4630
882,4410
874,4370
936,4680
882,4410
905,4525
934,4670
873,4365
1017,5085
930,4650
960,4800
885,4425
889,4445
879,4395
878,4390
878,4390
925,4625
934,4670
874,4370
931,4655
932,4660
887,4435
930,4650
872,4360
929,4645
871,4355
871,4355
881,4405
890,4450
896,4480
936,4680
929,4645
897,4485
898,4490
894,4470
934,4670
895,4475
885,4425
895,4475
876,4380
892,4460
944,4720
932,4660
929,4645
950,4750
889,4445
876,4380
867,4335
923,4615
878,4390
877,4385
904,4520
893,4465
967,4835
933,4665
881,4405
872,4360
923,4615
928,4640
892,4460
891,4455
879,4395
974,4870
873,4365
882,4410
926,4630
904,4520
884,4420
940,4700
894,4470
956,4780
888,4440
887,4435
932,4660
895,4475
890,4450
995,4975
898,4490
936,4680
924,4620
923,4615
926,4630
925,4625
891,4455
889,4445
964,4820
893,4465
949,4745
965,4825
929,4645
882,4410
889,4445
935,4675
881,4405
893,4465
927,4635
886,4430
883,4415
932,4660
893,4465
946,4730
937,4685
938,4690
964,4820
885,4425
888,4440
886,4430
936,4680
930,4650
889,4445
880,4400
879,4395
894,4470
931,4655
874,4370
878,4390
884,4420
895,4475
881,4405
881,4405
879,4395
871,4355
940,4700
938,4690
892,4460
1006,5030
890,4450
928,4640
929,4645
928,4640
931,4655
914,4570
938,4690
896,4480
937,4685
882,4410
887,4435
931,4655
907,4535
932,4660
887,4435
932,4660
882,4410
895,4475
869,4345
922,4610
926,4630
886,4430
916,4580
936,4680
876,4380
909,4545
923,4615
905,4525
882,4410
881,4405
935,4675
936,4680
881,4405
925,4625
883,4415
898,4490
885,4425
937,4685
898,4490
902,4510
886,4430
902,4510
900,4500
928,4640
902,4510
943,4715
926,4630
927,4635
928,4640
898,4490
868,4340
878,4390
920,4600
891,4455
935,4675
916,4580
913,4565
904,4520
1000,5000
898,4490
879,4395
913,4565
881,4405
878,4390
881,4405
923,4615
898,4490
875,4375
921,4605
880,4400
935,4675
936,4680
892,4460
885,4425
929,4645
929,4645
883,4415
879,4395
934,4670
889,4445
891,4455
1038,5190
923,4615
884,4420
922,4610
932,4660
878,4390
932,4660
930,4650
871,4355
880,4400
906,4530
872,4360
938,4690
885,4425
883,4415
885,4425
930,4650
890,4450
878,4390
952,4760
938,4690
885,4425
939,4695
916,4580
886,4430
884,4420
888,4440
879,4395
875,4375
874,4370
934,4670
939,4695
869,4345
880,4400
921,4605
892,4460
886,4430
888,4440
928,4640
930,4650
918,4590
897,4485
921,4605
898,4490
891,4455
958,4790
935,4675
915,4575
881,4405
1011,5055
875,4375
925,4625
948,4740
882,4410
892,4460
882,4410
883,4415
928,4640
925,4625
895,4475
932,4660
878,4390
913,4565
932,4660
925,4625
986,4930
927,4635
924,4620
937,4685
923,4615
880,4400
887,4435
873,4365
873,4365
875,4375
931,4655
935,4675
885,4425
881,4405
891,4455
924,4620
925,4625
925,4625
923,4615
894,4470
892,4460
934,4670
907,4535
927,4635
930,4650
989,4945
873,4365
884,4420
1012,5060
874,4370
884,4420
869,4345
868,4340
929,4645
879,4395
940,4700
879,4395
934,4670
889,4445
924,4620
935,4675
884,4420
875,4375
937,4685
881,4405
890,4450
937,4685
879,4395
882,4410
884,4420
870,4350
886,4430
941,4705
941,4705
893,4465
886,4430
879,4395
892,4460
930,4650
901,4505
880,4400
1003,5015
909,4545
954,4770
922,4610
886,4430
896,4480
939,4695
878,4390
912,4560
889,4445
926,4630
926,4630
928,4640
884,4420
935,4675
937,4685
936,4680
888,4440
883,4415
939,4695
940,4700
1029,5145
885,4425
943,4715
939,4695
915,4575
889,4445
932,4660
892,4460
888,4440
898,4490
933,4665
889,4445
878,4390
869,4345
871,4355
929,4645
924,4620
889,4445
935,4675
886,4430
956,4780
889,4445
923,4615
921,4605
879,4395
890,4450
901,4505
934,4670
892,4460
932,4660
874,4370
885,4425
872,4360
883,4415
891,4455
976,4880
1086,5430
947,4735
896,4480
888,4440
883,4415
933,4665
949,4745
932,4660
878,4390
867,4335
960,4800
879,4395
874,4370
950,4750
891,4455
880,4400
932,4660
884,4420
925,4625
870,4350
924,4620
936,4680
935,4675
893,4465
892,4460
927,4635
929,4645
889,4445
883,4415
937,4685
888,4440
937,4685
900,4500
884,4420
881,4405
874,4370
874,4370
927,4635
928,4640
876,4380
874,4370
877,4385
879,4395
1007,5035
924,4620
933,4665
1007,5035
881,4405
934,4670
881,4405
922,4610
922,4610
898,4490
882,4410
1015,5075
890,4450
881,4405
1021,5105
925,4625
869,4345
869,4345
898,4490
896,4480
894,4470
897,4485
928,4640
885,4425
930,4650
889,4445
910,4550
878,4390
932,4660
879,4395
882,4410
936,4680
881,4405
869,4345
890,4450
881,4405
933,4665
931,4655
874,4370
882,4410
879,4395
929,4645
892,4460
884,4420
913,4565
935,4675
938,4690
929,4645
877,4385
884,4420
953,4765
909,4545
936,4680
897,4485
930,4650
888,4440
930,4650
882,4410
929,4645
887,4435
961,4805
878,4390
870,4350
880,4400
868,4340
919,4595
886,4430
876,4380
878,4390
890,4450
868,4340
921,4605
920,4600
871,4355
882,4410
881,4405
938,4690
933,4665
931,4655
926,4630
876,4380
880,4400
938,4690
892,4460
886,4430
894,4470
927,4635
885,4425
872,4360
895,4475
880,4400
889,4445
930,4650
879,4395
927,4635
939,4695
925,4625
922,4610
957,4785
885,4425
933,4665
930,4650
884,4420
993,4965
872,4360
882,4410
900,4500
891,4455
903,4515
894,4470
871,4355
937,4685
909,4545
877,4385
935,4675
936,4680
1036,5180
935,4675
925,4625
872,4360
876,4380
932,4660
885,4425
889,4445
930,4650
883,4415
869,4345
923,4615
885,4425
896,4480
881,4405
933,4665
888,4440
895,4475
926,4630
869,4345
869,4345
884,4420
937,4685
935,4675
1049,5245
937,4685
941,4705
898,4490
908,4540
872,4360
939,4695
898,4490
921,4605
894,4470
934,4670
931,4655
887,4435
959,4795
892,4460
932,4660
933,4665
937,4685
886,4430
878,4390
924,4620
877,4385
934,4670
893,4465
933,4665
935,4675
873,4365
995,4975
927,4635
928,4640
881,4405
896,4480
1032,5160
898,4490
1010,5050
883,4415
888,4440
945,4725
937,4685
894,4470
898,4490
885,4425
876,4380
885,4425
960,4800
876,4380
934,4670
886,4430
964,4820
916,4580
876,4380
884,4420
925,4625
998,4990
943,4715
956,4780
879,4395
932,4660
881,4405
924,4620
886,4430
875,4375
938,4690
935,4675
912,4560
935,4675
882,4410
1010,5050
939,4695
873,4365
941,4705
882,4410
890,4450
940,4700
873,4365
897,4485
890,4450
932,4660
876,4380
895,4475
883,4415
888,4440
882,4410
923,4615
891,4455
879,4395
891,4455
920,4600
890,4450
934,4670
878,4390
1008,5040
874,4370
869,4345
952,4760
936,4680
939,4695
936,4680
873,4365
873,4365
927,4635
928,4640
883,4415
946,4730
885,4425
940,4700
902,4510
991,4955
883,4415
873,4365
906,4530
933,4665
877,4385
877,4385
868,4340
919,4595
953,4765
873,4365
890,4450
961,4805
881,4405
914,4570
903,4515
921,4605
910,4550
866,4330
881,4405
893,4465
880,4400
935,4675
886,4430
922,4610
879,4395
882,4410
933,4665
893,4465
884,4420
882,4410
929,4645
929,4645
962,4810
956,4780
893,4465
888,4440
926,4630
889,4445
887,4435
871,4355
880,4400
878,4390
931,4655
892,4460
887,4435
917,4585
881,4405
925,4625
872,4360
925,4625
938,4690
882,4410
907,4535
899,4495
932,4660
946,4730
884,4420
899,4495
940,4700
942,4710
888,4440
895,4475
929,4645
917,4585
877,4385
948,4740
883,4415
889,4445
928,4640
929,4645
923,4615
921,4605
868,4340
876,4380
927,4635
1021,5105
930,4650
950,4750
921,4605
872,4360
882,4410
923,4615
880,4400
891,4455
894,4470
890,4450
890,4450
888,4440
880,4400
926,4630
952,4760
937,4685
935,4675
890,4450
949,4745
925,4625
1026,5130
884,4420
931,4655
934,4670
930,4650
901,4505
869,4345
881,4405
881,4405
876,4380
880,4400
891,4455
933,4665
890,4450
874,4370
930,4650
871,4355
926,4630
883,4415
882,4410
928,4640
941,4705
926,4630
928,4640
907,4535
924,4620
886,4430
882,4410
973,4865
895,4475
870,4350
929,4645
873,4365
925,4625
877,4385
876,4380
929,4645
883,4415
923,4615
883,4415
869,4345
940,4700
895,4475
933,4665
888,4440
933,4665
925,4625
919,4595
877,4385
923,4615
880,4400
935,4675
886,4430
896,4480
888,4440
884,4420
871,4355
879,4395
884,4420
882,4410
883,4415
898,4490
886,4430
933,4665
933,4665
878,4390
884,4420
888,4440
939,4695
937,4685
925,4625
900,4500
873,4365
879,4395
948,4740
933,4665
878,4390
912,4560
899,4495
929,4645
878,4390
881,4405
937,4685
1088,5440
883,4415
945,4725
878,4390
891,4455
887,4435
930,4650
937,4685
939,4695
938,4690
884,4420
931,4655
879,4395
874,4370
947,4735
933,4665
877,4385
932,4660
900,4500
870,4350
870,4350
872,4360
925,4625
915,4575
933,4665
933,4665
933,4665
931,4655
924,4620
925,4625
952,4760
889,4445
937,4685
937,4685
898,4490
882,4410
963,4815
929,4645
874,4370
897,4485
970,4850
939,4695
883,4415
887,4435
928,4640
978,4890
882,4410
936,4680
876,4380
929,4645
931,4655
868,4340
868,4340
882,4410
869,4345
931,4655
934,4670
886,4430
890,4450
925,4625
872,4360
945,4725
881,4405
935,4675
939,4695
937,4685
885,4425
927,4635
940,4700
871,4355
883,4415
884,4420
937,4685
891,4455
880,4400
880,4400
929,4645
883,4415
927,4635
911,4555
950,4750
927,4635
873,4365
868,4340
869,4345
1000,5000
921,4605
939,4695
932,4660
888,4440
955,4775
880,4400
870,4350
924,4620
879,4395
881,4405
882,4410
926,4630
955,4775
870,4350
941,4705
946,4730
924,4620
915,4575
933,4665
962,4810
946,4730
877,4385
886,4430
931,4655
877,4385
934,4670
887,4435
962,4810
879,4395
869,4345
919,4595
868,4340
870,4350
931,4655
879,4395
932,4660
894,4470
925,4625
907,4535
926,4630
926,4630
937,4685
940,4700
882,4410
890,4450
1045,5225
885,4425
876,4380
885,4425
894,4470
896,4480
884,4420
938,4690
929,4645
931,4655
917,4585
962,4810
885,4425
900,4500
932,4660
929,4645
918,4590
868,4340
880,4400
921,4605
885,4425
874,4370
885,4425
921,4605
867,4335
868,4340
921,4605
879,4395
884,4420
933,4665
931,4655
923,4615
927,4635
873,4365
928,4640
881,4405
946,4730
900,4500
894,4470
884,4420
926,4630
926,4630
913,4565
891,4455
929,4645
879,4395
919,4595
929,4645
870,4350
924,4620
925,4625
926,4630
931,4655
875,4375
1008,5040
932,4660
924,4620
924,4620
922,4610
874,4370
886,4430
890,4450
883,4415
936,4680
953,4765
872,4360
874,4370
875,4375
935,4675
899,4495
884,4420
954,4770
921,4605
891,4455
926,4630
880,4400
877,4385
882,4410
941,4705
930,4650
922,4610
894,4470
985,4925
878,4390
933,4665
943,4715
936,4680
933,4665
881,4405
871,4355
935,4675
925,4625
934,4670
938,4690
893,4465
899,4495
886,4430
903,4515
940,4700
871,4355
937,4685
890,4450
937,4685
937,4685
889,4445
891,4455
933,4665
885,4425
883,4415
935,4675
935,4675
880,4400
870,4350
870,4350
880,4400
902,4510
895,4475
946,4730
1064,5320
881,4405
926,4630
870,4350
873,4365
885,4425
887,4435
936,4680
890,4450
962,4810
1039,5195
875,4375
880,4400
879,4395
896,4480
883,4415
1049,5245
938,4690
931,4655
880,4400
1035,5175
889,4445
890,4450
1027,5135
932,4660
932,4660
985,4925
924,4620
885,4425
925,4625
936,4680
933,4665
958,4790
931,4655
889,4445
870,4350
877,4385
870,4350
931,4655
927,4635
938,4690
883,4415
881,4405
881,4405
893,4465
931,4655
894,4470
883,4415
937,4685
937,4685
898,4490
883,4415
928,4640
873,4365
888,4440
877,4385
931,4655
932,4660
922,4610
888,4440
923,4615
935,4675
886,4430
933,4665
1047,5235
896,4480
885,4425
926,4630
871,4355
926,4630
902,4510
890,4450
892,4460
946,4730
871,4355
1012,5060
1012,5060
929,4645
898,4490
936,4680
1012,5060
932,4660
896,4480
873,4365
874,4370
886,4430
882,4410
926,4630
877,4385
930,4650
898,4490
867,4335
883,4415
876,4380
932,4660
932,4660
933,4665
930,4650
877,4385
922,4610
879,4395
922,4610
944,4720
964,4820
933,4665
932,4660
872,4360
872,4360
885,4425
921,4605
880,4400
935,4675
890,4450
894,4470
877,4385
938,4690
933,4665
883,4415
935,4675
932,4660
931,4655
931,4655
870,4350
867,4335
872,4360
878,4390
932,4660
879,4395
889,4445
931,4655
870,4350
926,4630
923,4615
953,4765
948,4740
956,4780
892,4460
894,4470
928,4640
875,4375
928,4640
929,4645
939,4695
885,4425
937,4685
957,4785
885,4425
885,4425
931,4655
930,4650
885,4425
876,4380
935,4675
927,4635
879,4395
866,4330
875,4375
883,4415
878,4390
875,4375
929,4645
873,4365
929,4645
922,4610
879,4395
869,4345
911,4555
933,4665
891,4455
953,4765
873,4365
927,4635
880,4400
926,4630
936,4680
917,4585
935,4675
935,4675
889,4445
1037,5185
882,4410
930,4650
930,4650
933,4665
933,4665
889,4445
869,4345
940,4700
872,4360
870,4350
889,4445
886,4430
875,4375
940,4700
880,4400
869,4345
926,4630
881,4405
893,4465
882,4410
933,4665
936,4680
873,4365
872,4360
923,4615
872,4360
937,4685
998,4990
1040,5200
891,4455
926,4630
872,4360
919,4595
922,4610
933,4665
877,4385
888,4440
932,4660
870,4350
880,4400
866,4330
923,4615
890,4450
944,4720
936,4680
886,4430
871,4355
1035,5175
879,4395
872,4360
894,4470
967,4835
879,4395
882,4410
926,4630
883,4415
928,4640
882,4410
941,4705
883,4415
895,4475
896,4480
931,4655
927,4635
875,4375
956,4780
935,4675
969,4845
895,4475
936,4680
869,4345
873,4365
925,4625
925,4625
902,4510
1041,5205
892,4460
934,4670
873,4365
1009,5045
873,4365
882,4410
882,4410
882,4410
898,4490
881,4405
884,4420
885,4425
928,4640
874,4370
952,4760
934,4670
937,4685
937,4685
930,4650
877,4385
930,4650
930,4650
932,4660
888,4440
919,4595
879,4395
878,4390
928,4640
874,4370
871,4355
932,4660
898,4490
907,4535
878,4390
927,4635
868,4340
943,4715
885,4425
878,4390
889,4445
937,4685
945,4725
884,4420
874,4370
890,4450
919,4595
896,4480
1019,5095
976,4880
886,4430
930,4650
929,4645
873,4365
911,4555
930,4650
940,4700
932,4660
890,4450
923,4615
990,4950
884,4420
888,4440
880,4400
888,4440
934,4670
930,4650
924,4620
868,4340
939,4695
878,4390
888,4440
882,4410
879,4395
884,4420
872,4360
927,4635
950,4750
927,4635
938,4690
894,4470
902,4510
955,4775
872,4360
936,4680
931,4655
877,4385
918,4590
902,4510
998,4990
874,4370
974,4870
923,4615
925,4625
915,4575
933,4665
889,4445
890,4450
888,4440
938,4690
921,4605
881,4405
881,4405
885,4425
877,4385
891,4455
880,4400
871,4355
960,4800
870,4350
930,4650
882,4410
936,4680
898,4490
883,4415
888,4440
887,4435
928,4640
875,4375
932,4660
1010,5050
879,4395
889,4445
892,4460
935,4675
882,4410
922,4610
935,4675
877,4385
920,4600
883,4415
925,4625
923,4615
927,4635
882,4410
883,4415
882,4410
1015,5075
937,4685
891,4455
885,4425
888,4440
930,4650
884,4420
969,4845
1051,5255
937,4685
893,4465
887,4435
934,4670
874,4370
931,4655
1093,5465
880,4400
884,4420
919,4595
925,4625
931,4655
920,4600
894,4470
898,4490
928,4640
876,4380
921,4605
923,4615
868,4340
921,4605
938,4690
947,4735
935,4675
894,4470
883,4415
881,4405
964,4820
925,4625
934,4670
892,4460
884,4420
924,4620
927,4635
872,4360
926,4630
876,4380
943,4715
932,4660
886,4430
930,4650
922,4610
956,4780
881,4405
924,4620
879,4395
930,4650
932,4660
877,4385
872,4360
872,4360
924,4620
913,4565
940,4700
893,4465
891,4455
883,4415
924,4620
874,4370
891,4455
885,4425
882,4410
1016,5080
892,4460
882,4410
872,4360
928,4640
925,4625
937,4685
933,4665
872,4360
894,4470
906,4530
870,4350
879,4395
894,4470
870,4350
936,4680
886,4430
936,4680
933,4665
880,4400
924,4620
926,4630
878,4390
893,4465
936,4680
940,4700
935,4675
898,4490
928,4640
873,4365
873,4365
884,4420
896,4480
947,4735
894,4470
876,4380
891,4455
905,4525
934,4670
886,4430
972,4860
935,4675
936,4680
924,4620
879,4395
867,4335
871,4355
889,4445
936,4680
883,4415
880,4400
927,4635
998,4990
884,4420
872,4360
902,4510
883,4415
933,4665
889,4445
884,4420
874,4370
932,4660
946,4730
940,4700
939,4695
893,4465
893,4465
930,4650
874,4370
883,4415
877,4385
894,4470
933,4665
950,4750
962,4810
885,4425
924,4620
924,4620
989,4945
880,4400
878,4390
932,4660
885,4425
868,4340
927,4635
870,4350
928,4640
939,4695
922,4610
893,4465
888,4440
893,4465
930,4650
879,4395
883,4415
891,4455
892,4460
881,4405
938,4690
875,4375
999,4995
887,4435
930,4650
940,4700
881,4405
932,4660
933,4665
868,4340
925,4625
871,4355
925,4625
877,4385
931,4655
889,4445
877,4385
900,4500
930,4650
940,4700
880,4400
939,4695
937,4685
885,4425
892,4460
873,4365
926,4630
881,4405
938,4690
904,4520
936,4680
893,4465
937,4685
927,4635
872,4360
928,4640
927,4635
874,4370
876,4380
886,4430
927,4635
920,4600
889,4445
879,4395
921,4605
885,4425
890,4450
888,4440
937,4685
885,4425
923,4615
889,4445
927,4635
897,4485
933,4665
935,4675
934,4670
882,4410
884,4420
880,4400
871,4355
889,4445
1036,5180
893,4465
889,4445
889,4445
1007,5035
990,4950
885,4425
879,4395
937,4685
935,4675
932,4660
942,4710
870,4350
869,4345
922,4610
933,4665
970,4850
882,4410
932,4660
918,4590
882,4410
884,4420
926,4630
890,4450
894,4470
914,4570
937,4685
878,4390
927,4635
886,4430
929,4645
938,4690
986,4930
900,4500
905,4525
876,4380
877,4385
878,4390
876,4380
877,4385
877,4385
878,4390
931,4655
876,4380
867,4335
921,4605
868,4340
886,4430
956,4780
886,4430
885,4425
867,4335
921,4605
879,4395
868,4340
892,4460
891,4455
936,4680
895,4475
927,4635
935,4675
927,4635
874,4370
892,4460
891,4455
898,4490
881,4405
927,4635
939,4695
882,4410
872,4360
882,4410
993,4965
888,4440
964,4820
870,4350
877,4385
930,4650
867,4335
880,4400
878,4390
932,4660
938,4690
872,4360
924,4620
882,4410
880,4400
917,4585
880,4400
882,4410
892,4460
881,4405
934,4670
872,4360
872,4360
885,4425
960,4800
944,4720
935,4675
924,4620
928,4640
1009,5045
908,4540
886,4430
1010,5050
887,4435
885,4425
871,4355
867,4335
898,4490
943,4715
879,4395
878,4390
889,4445
936,4680
926,4630
924,4620
870,4350
869,4345
890,4450
937,4685
898,4490
891,4455
925,4625
881,4405
941,4705
890,4450
893,4465
1027,5135
938,4690
899,4495
882,4410
899,4495
940,4700
932,4660
892,4460
888,4440
879,4395
934,4670
880,4400
878,4390
925,4625
927,4635
879,4395
971,4855
934,4670
887,4435
880,4400
875,4375
926,4630
887,4435
890,4450
935,4675
883,4415
935,4675
899,4495
882,4410
875,4375
875,4375
917,4585
937,4685
904,4520
932,4660
935,4675
961,4805
997,4985
876,4380
888,4440
877,4385
894,4470
885,4425
872,4360
928,4640
923,4615
878,4390
935,4675
892,4460
888,4440
932,4660
888,4440
998,4990
927,4635
871,4355
893,4465
888,4440
923,4615
938,4690
884,4420
881,4405
875,4375
974,4870
928,4640
938,4690
911,4555
896,4480
929,4645
874,4370
882,4410
928,4640
932,4660
952,4760
879,4395
932,4660
925,4625
927,4635
923,4615
882,4410
931,4655
938,4690
932,4660
933,4665
926,4630
872,4360
881,4405
953,4765
883,4415
936,4680
896,4480
935,4675
937,4685
945,4725
871,4355
871,4355
882,4410
939,4695
1001,5005
940,4700
871,4355
908,4540
876,4380
876,4380
928,4640
925,4625
874,4370
883,4415
868,4340
867,4335
879,4395
867,4335
931,4655
877,4385
975,4875
892,4460
873,4365
940,4700
873,4365
934,4670
881,4405
935,4675
933,4665
910,4550
870,4350
925,4625
873,4365
871,4355
882,4410
977,4885
1006,5030
880,4400
884,4420
883,4415
961,4805
929,4645
895,4475
932,4660
892,4460
888,4440
881,4405
923,4615
924,4620
925,4625
910,4550
887,4435
931,4655
890,4450
870,4350
884,4420
927,4635
884,4420
946,4730
935,4675
883,4415
935,4675
914,4570
886,4430
930,4650
927,4635
939,4695
938,4690
937,4685
896,4480
931,4655
931,4655
1003,5015
883,4415
1089,5445
930,4650
912,4560
875,4375
922,4610
868,4340
877,4385
934,4670
929,4645
883,4415
953,4765
920,4600
869,4345
871,4355
883,4415
863,4315
893,4465
934,4670
880,4400
933,4665
882,4410
938,4690
928,4640
885,4425
925,4625
970,4850
937,4685
888,4440
875,4375
965,4825
926,4630
880,4400
931,4655
931,4655
929,4645
880,4400
877,4385
870,4350
884,4420
930,4650
941,4705
876,4380
932,4660
881,4405
882,4410
927,4635
924,4620
906,4530
880,4400
892,4460
1006,5030
935,4675
928,4640
875,4375
871,4355
895,4475
885,4425
884,4420
936,4680
938,4690
925,4625
925,4625
873,4365
925,4625
960,4800
931,4655
969,4845
933,4665
870,4350
921,4605
900,4500
869,4345
932,4660
936,4680
878,4390
888,4440
879,4395
869,4345
930,4650
869,4345
936,4680
890,4450
884,4420
890,4450
926,4630
885,4425
927,4635
870,4350
893,4465
916,4580
895,4475
884,4420
878,4390
879,4395
877,4385
888,4440
934,4670
935,4675
1048,5240
933,4665
924,4620
879,4395
924,4620
878,4390
928,4640
939,4695
936,4680
936,4680
882,4410
927,4635
926,4630
883,4415
938,4690
899,4495
883,4415
937,4685
931,4655
873,4365
929,4645
931,4655
941,4705
885,4425
885,4425
883,4415
880,4400
928,4640
874,4370
905,4525
876,4380
964,4820
932,4660
880,4400
1038,5190
927,4635
923,4615
870,4350
934,4670
876,4380
942,4710
879,4395
926,4630
926,4630
879,4395
873,4365
881,4405
891,4455
973,4865
895,4475
870,4350
886,4430
883,4415
928,4640
941,4705
884,4420
894,4470
894,4470
873,4365
948,4740
876,4380
874,4370
949,4745
933,4665
874,4370
931,4655
881,4405
878,4390
927,4635
913,4565
888,4440
904,4520
891,4455
877,4385
925,4625
961,4805
925,4625
879,4395
893,4465
881,4405
937,4685
893,4465
911,4555
873,4365
876,4380
881,4405
937,4685
892,4460
937,4685
891,4455
882,4410
871,4355
872,4360
950,4750
954,4770
1006,5030
876,4380
929,4645
919,4595
921,4605
1013,5065
876,4380
878,4390
961,4805
1042,5210
933,4665
873,4365
880,4400
879,4395
925,4625
883,4415
882,4410
932,4660
956,4780
924,4620
880,4400
872,4360
903,4515
936,4680
934,4670
892,4460
881,4405
884,4420
928,4640
942,4710
885,4425
883,4415
937,4685
889,4445
889,4445
921,4605
880,4400
870,4350
1015,5075
889,4445
941,4705
881,4405
891,4455
924,4620
873,4365
870,4350
893,4465
883,4415
892,4460
912,4560
889,4445
929,4645
875,4375
928,4640
929,4645
893,4465
885,4425
939,4695
885,4425
934,4670
877,4385
931,4655
880,4400
955,4775
928,4640
931,4655
877,4385
932,4660
909,4545
879,4395
878,4390
931,4655
934,4670
887,4435
931,4655
878,4390
869,4345
920,4600
920,4600
890,4450
895,4475
973,4865
936,4680
924,4620
884,4420
885,4425
872,4360
897,4485
909,4545
883,4415
934,4670
883,4415
926,4630
942,4710
883,4415
939,4695
936,4680
888,4440
894,4470
925,4625
924,4620
870,4350
872,4360
878,4390
1016,5080
935,4675
930,4650
873,4365
925,4625
918,4590
872,4360
880,4400
964,4820
934,4670
884,4420
882,4410
886,4430
926,4630
937,4685
897,4485
883,4415
1035,5175
893,4465
883,4415
927,4635
926,4630
883,4415
889,4445
885,4425
885,4425
931,4655
894,4470
869,4345
954,4770
868,4340
934,4670
898,4490
1061,5305
934,4670
885,4425
1005,5025
900,4500
871,4355
887,4435
890,4450
890,4450
893,4465
884,4420
871,4355
872,4360
958,4790
941,4705
969,4845
894,4470
893,4465
883,4415
935,4675
898,4490
894,4470
879,4395
939,4695
1005,5025
914,4570
877,4385
925,4625
923,4615
900,4500
933,4665
917,4585
880,4400
882,4410
927,4635
874,4370
927,4635
887,4435
880,4400
946,4730
881,4405
880,4400
928,4640
886,4430
930,4650
928,4640
884,4420
941,4705
974,4870
933,4665
930,4650
935,4675
888,4440
930,4650
931,4655
898,4490
932,4660
1069,5345
880,4400
867,4335
884,4420
877,4385
932,4660
892,4460
882,4410
886,4430
923,4615
926,4630
886,4430
869,4345
959,4795
890,4450
937,4685
894,4470
872,4360
871,4355
887,4435
928,4640
951,4755
937,4685
940,4700
938,4690
937,4685
875,4375
884,4420
932,4660
884,4420
1017,5085
877,4385
937,4685
878,4390
923,4615
870,4350
880,4400
877,4385
1069,5345
880,4400
876,4380
925,4625
930,4650
928,4640
883,4415
909,4545
882,4410
1054,5270
937,4685
892,4460
874,4370
871,4355
906,4530
949,4745
937,4685
891,4455
892,4460
884,4420
929,4645
882,4410
876,4380
877,4385
873,4365
890,4450
928,4640
921,4605
867,4335
922,4610
883,4415
881,4405
934,4670
934,4670
878,4390
872,4360
922,4610
923,4615
926,4630
934,4670
882,4410
881,4405
879,4395
872,4360
1074,5370
872,4360
883,4415
936,4680
948,4740
935,4675
936,4680
931,4655
876,4380
878,4390
876,4380
932,4660
931,4655
940,4700
932,4660
869,4345
924,4620
922,4610
919,4595
932,4660
878,4390
887,4435
884,4420
886,4430
873,4365
873,4365
883,4415
882,4410
937,4685
912,4560
942,4710
876,4380
879,4395
931,4655
930,4650
935,4675
942,4710
939,4695
947,4735
915,4575
884,4420
885,4425
891,4455
875,4375
927,4635
879,4395
883,4415
867,4335
877,4385
876,4380
869,4345
885,4425
928,4640
928,4640
929,4645
920,4600
869,4345
867,4335
867,4335
880,4400
893,4465
936,4680
945,4725
925,4625
879,4395
925,4625
895,4475
893,4465
938,4690
916,4580
934,4670
875,4375
882,4410
883,4415
871,4355
932,4660
879,4395
1014,5070
877,4385
872,4360
1019,5095
872,4360
918,4590
886,4430
932,4660
918,4590
932,4660
874,4370
898,4490
872,4360
883,4415
883,4415
891,4455
934,4670
961,4805
924,4620
926,4630
880,4400
871,4355
884,4420
884,4420
936,4680
955,4775
887,4435
872,4360
927,4635
926,4630
876,4380
877,4385
891,4455
932,4660
879,4395
925,4625
925,4625
924,4620
887,4435
893,4465
890,4450
906,4530
926,4630
950,4750
872,4360
872,4360
884,4420
923,4615
882,4410
891,4455
882,4410
884,4420
1006,5030
888,4440
939,4695
883,4415
899,4495
949,4745
898,4490
889,4445
890,4450
932,4660
891,4455
953,4765
935,4675
902,4510
881,4405
931,4655
890,4450
870,4350
950,4750
934,4670
934,4670
892,4460
928,4640
872,4360
1028,5140
873,4365
888,4440
939,4695
892,4460
940,4700
928,4640
873,4365
877,4385
887,4435
938,4690
919,4595
938,4690
937,4685
876,4380
922,4610
885,4425
875,4375
955,4775
1047,5235
876,4380
879,4395
922,4610
924,4620
925,4625
915,4575
933,4665
934,4670
894,4470
879,4395
924,4620
869,4345
927,4635
880,4400
890,4450
883,4415
935,4675
890,4450
925,4625
887,4435
884,4420
887,4435
888,4440
892,4460
902,4510
909,4545
874,4370
885,4425
930,4650
941,4705
912,4560
931,4655
876,4380
876,4380
926,4630
880,4400
870,4350
876,4380
931,4655
909,4545
890,4450
893,4465
873,4365
887,4435
938,4690
954,4770
936,4680
896,4480
881,4405
969,4845
926,4630
886,4430
882,4410
929,4645
883,4415
882,4410
938,4690
964,4820
879,4395
872,4360
893,4465
875,4375
887,4435
926,4630
929,4645
885,4425
871,4355
885,4425
921,4605
867,4335
931,4655
971,4855
932,4660
932,4660
879,4395
868,4340
870,4350
870,4350
893,4465
896,4480
935,4675
879,4395
913,4565
927,4635
884,4420
888,4440
912,4560
941,4705
948,4740
879,4395
909,4545
935,4675
1045,5225
902,4510
932,4660
952,4760
933,4665
931,4655
879,4395
871,4355
922,4610
905,4525
877,4385
889,4445
999,4995
935,4675
879,4395
987,4935
923,4615
872,4360
881,4405
891,4455
883,4415
935,4675
886,4430
887,4435
877,4385
882,4410
884,4420
937,4685
936,4680
954,4770
934,4670
875,4375
927,4635
878,4390
886,4430
930,4650
876,4380
886,4430
1001,5005
896,4480
868,4340
922,4610
947,4735
877,4385
929,4645
926,4630
879,4395
874,4370
867,4335
868,4340
955,4775
953,4765
936,4680
935,4675
886,4430
882,4410
929,4645
872,4360
951,4755
935,4675
892,4460
907,4535
882,4410
874,4370
876,4380
928,4640
933,4665
931,4655
889,4445
931,4655
870,4350
921,4605
869,4345
925,4625
929,4645
931,4655
876,4380
931,4655
869,4345
880,4400
871,4355
874,4370
894,4470
881,4405
937,4685
935,4675
927,4635
870,4350
883,4415
923,4615
899,4495
895,4475
1010,5050
924,4620
883,4415
884,4420
927,4635
948,4740
929,4645
874,4370
872,4360
894,4470
879,4395
869,4345
876,4380
925,4625
912,4560
879,4395
964,4820
934,4670
924,4620
909,4545
870,4350
924,4620
888,4440
901,4505
889,4445
927,4635
886,4430
932,4660
883,4415
926,4630
939,4695
938,4690
945,4725
937,4685
931,4655
900,4500
877,4385
895,4475
890,4450
888,4440
888,4440
906,4530
868,4340
924,4620
870,4350
923,4615
882,4410
882,4410
947,4735
901,4505
870,4350
873,4365
872,4360
948,4740
885,4425
894,4470
935,4675
936,4680
929,4645
930,4650
930,4650
875,4375
882,4410
885,4425
898,4490
938,4690
911,4555
913,4565
874,4370
888,4440
889,4445
905,4525
892,4460
887,4435
870,4350
870,4350
869,4345
868,4340
932,4660
1012,5060
877,4385
889,4445
952,4760
926,4630
873,4365
926,4630
882,4410
893,4465
908,4540
936,4680
885,4425
884,4420
884,4420
873,4365
944,4720
893,4465
883,4415
958,4790
929,4645
1026,5130
908,4540
886,4430
892,4460
877,4385
932,4660
893,4465
870,4350
869,4345
929,4645
868,4340
882,4410
930,4650
886,4430
885,4425
926,4630
926,4630
926,4630
879,4395
891,4455
887,4435
936,4680
882,4410
927,4635
875,4375
872,4360
925,4625
895,4475
904,4520
940,4700
950,4750
928,4640
926,4630
874,4370
872,4360
932,4660
886,4430
927,4635
882,4410
923,4615
882,4410
867,4335
919,4595
932,4660
942,4710
933,4665
879,4395
868,4340
882,4410
880,4400
871,4355
888,4440
902,4510
932,4660
932,4660
870,4350
925,4625
924,4620
871,4355
917,4585
936,4680
883,4415
881,4405
928,4640
885,4425
887,4435
927,4635
958,4790
880,4400
933,4665
930,4650
930,4650
869,4345
869,4345
898,4490
888,4440
878,4390
888,4440
888,4440
951,4755
925,4625
876,4380
924,4620
934,4670
883,4415
1004,5020
935,4675
876,4380
875,4375
929,4645
929,4645
936,4680
886,4430
893,4465
896,4480
927,4635
928,4640
877,4385
949,4745
929,4645
877,4385
899,4495
934,4670
868,4340
881,4405
867,4335
936,4680
876,4380
928,4640
878,4390
885,4425
868,4340
923,4615
869,4345
868,4340
934,4670
954,4770
903,4515
934,4670
883,4415
894,4470
891,4455
874,4370
936,4680
936,4680
934,4670
883,4415
882,4410
1007,5035
872,4360
883,4415
877,4385
879,4395
996,4980
876,4380
869,4345
925,4625
924,4620
924,4620
879,4395
932,4660
880,4400
876,4380
924,4620
889,4445
954,4770
882,4410
885,4425
1019,5095
888,4440
934,4670
888,4440
925,4625
880,4400
873,4365
935,4675
917,4585
937,4685
884,4420
940,4700
882,4410
883,4415
907,4535
931,4655
931,4655
877,4385
929,4645
874,4370
886,4430
879,4395
924,4620
956,4780
965,4825
927,4635
935,4675
869,4345
879,4395
869,4345
873,4365
887,4435
896,4480
918,4590
880,4400
879,4395
920,4600
872,4360
939,4695
882,4410
892,4460
882,4410
888,4440
937,4685
911,4555
933,4665
943,4715
887,4435
934,4670
933,4665
934,4670
888,4440
885,4425
871,4355
905,4525
932,4660
930,4650
932,4660
931,4655
879,4395
879,4395
928,4640
926,4630
936,4680
890,4450
1022,5110
948,4740
928,4640
939,4695
931,4655
884,4420
938,4690
940,4700
884,4420
937,4685
878,4390
928,4640
978,4890
875,4375
892,4460
934,4670
930,4650
932,4660
878,4390
874,4370
878,4390
869,4345
936,4680
1024,5120
935,4675
931,4655
926,4630
878,4390
937,4685
871,4355
882,4410
890,4450
889,4445
944,4720
874,4370
871,4355
885,4425
945,4725
895,4475
891,4455
940,4700
892,4460
898,4490
929,4645
888,4440
929,4645
875,4375
875,4375
931,4655
886,4430
877,4385
874,4370
890,4450
940,4700
933,4665
878,4390
932,4660
878,4390
885,4425
884,4420
871,4355
883,4415
889,4445
883,4415
938,4690
892,4460
873,4365
929,4645
869,4345
928,4640
892,4460
897,4485
941,4705
883,4415
934,4670
930,4650
875,4375
948,4740
927,4635
875,4375
969,4845
874,4370
897,4485
994,4970
991,4955
923,4615
893,4465
886,4430
903,4515
933,4665
921,4605
882,4410
927,4635
925,4625
